Frecuencia_Hz,Lomb_Pre,Lomb_Post
0.017278617710583154,0.03215748507271295,0.018247639340961932
0.017375181299758874,0.032451807644878546,0.017700711323716832
0.01747174488893459,0.03274295431701077,0.017155405840857785
0.01756830847811031,0.03303067836083306,0.016611765632064675
0.01766487206728603,0.03331472035819242,0.016070020279375607
0.01776143565646175,0.033594808738938366,0.015530571046847172
0.017857999245637465,0.03387066039732057,0.014993974487427699
0.017954562834813184,0.03414198138579672,0.014460925194863314
0.018051126423988904,0.0344084676846232,0.013932238084796135
0.01814769001316462,0.03466980604504815,0.01340883058198094
0.01824425360234034,0.03492567490334363,0.012891705066703875
0.01834081719151606,0.03517574536231053,0.012381931891645019
0.01843738078069178,0.035419682236270074,0.011880633221164347
0.018533944369867494,0.035657145154929876,0.011388967870960845
0.018630507959043214,0.035887789720891336,0.010908117241766834
0.018727071548218933,0.03611126871495238,0.010439272352191487
0.01882363513739465,0.03632723334277377,0.009983621889866076
0.01892019872657037,0.03653533451592291,0.009542341123742736
0.01901676231574609,0.03673522415979711,0.009116581460325587
0.019113325904921805,0.03692655654047486,0.00870746038824369
0.019209889494097524,0.03710898960215123,0.00831605154280512
0.019306453083273244,0.03728218630649611,0.007943374636958928
0.01940301667244896,0.0374458159650412,0.007590385047331421
0.01949958026162468,0.03759955555555575,0.00725796291148006
0.0195961438508004,0.037743091013324154,0.006946901681060712
0.01969270743997612,0.03787611848829121,0.006657896179348107
0.019789271029151834,0.037998345559197386,0.00639153032324673
0.019885834618327554,0.038109492396088684,0.006148264781416102
0.019982398207503273,0.038209292862951445,0.005928424942835312
0.020078961796678993,0.038297495552690144,0.0057321896556442094
0.02017552538585471,0.03837386474723036,0.005559581256804073
0.02027208897503043,0.038438181296184426,0.005410457442811315
0.020368652564206148,0.03849024340825428,0.005284505526149316
0.020465216153381864,0.03852986735035545,0.005181239579608932
0.020561779742557584,0.03855688805031665,0.005100000892029893
0.020658343331733303,0.03857115959992958,0.005039962048205929
0.02075490692090902,0.03857255565607782,0.005000134809069024
0.02085147051008474,0.038560969738650544,0.004979381814366264
0.02094803409926046,0.038536315424931085,0.004976431968841712
0.021044597688436178,0.03849852644112661,0.004989899214956082
0.021141161277611894,0.0384475566526631,0.005018304250541944
0.021237724866787613,0.0383833799557898,0.005060098627332738
0.021334288455963333,0.038305990073915684,0.005113690572812356
0.021430852045139052,0.03821540026291555,0.0051774718175885805
0.02152741563431477,0.03811164293039495,0.005249844685055776
0.021623979223490488,0.03799476917457495,0.005329248708440626
0.021720542812666208,0.03786484824904725,0.005414186079166285
0.021817106401841924,0.03772196696014995,0.005503245294923624
0.021913669991017643,0.03756622900412171,0.005595122460049143
0.022010233580193363,0.03739775425150415,0.005688639788638632
0.02210679716936908,0.03721667798648007,0.005782760966457724
0.022203360758544798,0.03702315010895807,0.005876603136088688
0.022299924347720518,0.03681733430724639,0.005969445376848554
0.022396487936896234,0.03659940720910468,0.006060733653872575
0.022493051526071953,0.03636955751882435,0.006150082307416789
0.022589615115247673,0.03612798514777625,0.006237272242659319
0.02268617870442339,0.035874900345581474,0.006322246061288477
0.02278274229359911,0.035610522838718274,0.006405100448293191
0.022879305882774828,0.03533508098298135,0.006486076189822113
0.022975869471950548,0.03504881093576377,0.006565546249657166
0.023072433061126267,0.03475195585365576,0.006644002371310944
0.023168996650301983,0.03444476512033976,0.006722040698308734
0.023265560239477703,0.03412749360923244,0.006800346915092995
0.023362123828653422,0.03380040098477672,0.006879681403655506
0.023458687417829138,0.033463751045732036,0.0069608648854502415
0.023555251007004858,0.03311781111325802,0.00704476497418277
0.023651814596180577,0.03276285146603545,0.007132284003548379
0.023748378185356293,0.0323991448241276,0.007224348416871548
0.023844941774532013,0.03202696588276079,0.007321899915943957
0.023941505363707732,0.031646590896694325,0.00742588846814048
0.02403806895288345,0.03125829731536505,0.00753726716874112
0.024134632542059168,0.030862363468529806,0.007656988854192246
0.024231196131234888,0.030459068301695345,0.00778600426665007
0.024327759720410604,0.03004869116021674,0.007925261484958684
0.024424323309586323,0.029631511620569206,0.008075706265956857
0.024520886898762043,0.029207809366950076,0.008238282885548266
0.024617450487937762,0.028777864111049274,0.008413935033231177
0.02471401407711348,0.028341955552540637,0.00860360629778805
0.024810577666289198,0.02790036337758916,0.008808239785765044
0.024907141255464917,0.027453367292440415,0.009028776437679078
0.025003704844640637,0.027001247088963773,0.00926615164845801
0.025100268433816353,0.02654428273884733,0.009521289856799344
0.025196832022992072,0.026082754513005953,0.009795096840867119
0.025293395612167792,0.025616943122647104,0.010088449542541813
0.025389959201343508,0.025147129878353103,0.010402183336410105
0.025486522790519228,0.024673596863479964,0.010737076759525059
0.025583086379694947,0.024196627118135465,0.011093833820006657
0.025679649968870663,0.023716504829991766,0.011473064102819003
0.025776213558046383,0.023233515528203547,0.011875260985436401
0.025872777147222102,0.022747946276741343,0.012300778360598813
0.025969340736397818,0.022260085863515765,0.012749806334337508
0.02606590432557354,0.021770224981754148,0.013222346422069733
0.026162467914749257,0.021278656400205546,0.01371818680201162
0.026259031503924977,0.020785675118881786,0.01423687820298426
0.026355595093100696,0.02029157850720105,0.014777711003901474
0.026452158682276412,0.01979666642158008,0.01533969410729993
0.026548722271452132,0.0193012412997206,0.015921536122917888
0.02664528586062785,0.01880560822905923,0.01652162936411268
0.026741849449803567,0.018310074987088747,0.01713803712470228
0.026838413038979287,0.017814952051521726,0.017768484671141362
0.026934976628155007,0.01732055257854157,0.01841035435833892
0.027031540217330723,0.01682719234768111,0.019060685258835166
0.027128103806506442,0.016335189672173487,0.019716177684402342
0.02722466739568216,0.01584486527393849,0.020373202974095637
0.027321230984857878,0.015356542122695438,0.02102781891879234
0.027417794574033597,0.01487054523902478,0.02167579118284054
0.027514358163209317,0.014387201461540669,0.022312621060701872
0.027610921752385033,0.013906839178671533,0.02293357986190559
0.027707485341560756,0.013429788025882216,0.023533750142994494
0.027804048930736472,0.012956378549500191,0.0241080738934911
0.02790061251991219,0.012486941838625868,0.024651407629602155
0.02799717610908791,0.012021809126914881,0.025158584152981615
0.028093739698263627,0.011561311366309949,0.025624480494956522
0.028190303287439347,0.01110577877506764,0.026044091296180103
0.028286866876615066,0.010655540362674291,0.02641260657929383
0.028383430465790782,0.010210923434463962,0.026725492573640305
0.0284799940549665,0.009772253078943947,0.026978573965604578
0.02857655764414222,0.00933985164099228,0.027168115697141816
0.028673121233317937,0.008914038184218421,0.027290902240290345
0.028769684822493657,0.00849512794587016,0.027344312157272926
0.028866248411669376,0.008083431787725276,0.02732638573084457
0.028962812000845092,0.007679255646422288,0.027235883528994132
0.029059375590020815,0.007282899986669781,0.02707233395598511
0.02915593917919653,0.006894659260714883,0.026836068134003507
0.029252502768372247,0.0065148213773624595,0.026528240844136297
0.02934906635754797,0.006143667183710092,0.026150836712296562
0.029445629946723686,0.005781469962607744,0.0257066613293591
0.029542193535899406,0.005428494948661487,0.025199317515747575
0.029638757125075126,0.005084998865388551,0.02463316744853555
0.02973532071425084,0.0047512294858913515,0.024013281834926233
0.02983188430342656,0.004427425219159601,0.02334537771510791
0.02992844789260228,0.004113814723836188,0.02263574679138101
0.030025011481777997,0.0038106165509934923,0.021891176397930895
0.030121575070953716,0.0035180388171720447,0.021118865343182455
0.030218138660129436,0.003236278908633358,0.020326336878028456
0.030314702249305152,0.0029655232174781287,0.019521350978118895
0.03041126583848087,0.002705946909984315,0.018711817990872473
0.03050782942765659,0.0024577137272320123,0.01790571550437431
0.030604393016832307,0.0022209758178019555,0.017111010062715083
0.03070095660600803,0.001995873602073467,0.016335585096262078
0.030797520195183746,0.0017825356674003117,0.015587176168940002
0.030894083784359462,0.0015810786932173033,0.014873314377685722
0.030990647373535185,0.0013916074049276936,0.014201278478136767
0.0310872109627109,0.0012142145552411377,0.013578056058391958
0.03118377455188662,0.0010489809314788042,0.013010313839837168
0.03128033814106234,0.0008959753872354422,0.012504376949421043
0.031376901730238056,0.0007552548966868242,0.012066216779698194
0.03147346531941378,0.0006268646297607554,0.011701446830264375
0.031570028908589495,0.0005108380463425086,0.011415325707090035
0.03166659249776521,0.0004071970076684275,0.011212766246999382
0.03176315608694093,0.0003159519030681569,0.011098349537735653
0.03185971967611665,0.00023710179024865526,0.011076342426578243
0.031956283265292366,0.00017063454736772178,0.011150716961055417
0.03205284685446809,0.00011652703522303665,0.011325170093785255
0.032149410443643806,7.474526797862027e-05,0.011603141919974599
0.03224597403281952,4.5244590966199895e-05,0.011987830709922511
0.032342537621995245,2.796986422905786e-05,0.012482203057624099
0.03243910121117096,2.2855650620288823e-05,0.013088997595290409
0.03253566480034668,2.982640742261772e-05,0.013810720924189255
0.0326322283895224,4.879668062122164e-05,0.014649634683043642
0.032728791978698116,7.967130113200559e-05,0.015607733011058458
0.03282535556787383,0.0001223455824629595,0.01668671005476245
0.032921919157049555,0.00017670551946367572,0.01788791760432667
0.03301848274622527,0.00024262798799519608,0.01921231341117016
0.033115046335400994,0.0003199809455274341,0.020660401217483408
0.03321160992457671,0.00040862363284182045,0.022232164000998957
0.033308173513752426,0.0005084067771811328,0.02392699238486686
0.03340473710292814,0.0006191727973445288,0.025743610562103527
0.033501300692103865,0.0007407560113715871,0.02768000241605924
0.03359786428127958,0.0008729828475936895,0.029733340762763252
0.033694427870455304,0.0010156720599519787,0.03189992277975306
0.03379099145963102,0.0011686349485879317,0.03417511470391645
0.033887555048806736,0.0013316755868025046,0.03655330876707397
0.03398411863798245,0.00150459105555382,0.03902789508714598
0.034080682227158175,0.0016871716867181861,0.04159125084624495
0.0341772458163339,0.0018792013163760125,0.04423474857403186
0.034273809405509614,0.002080457549399972,0.04694878473251418
0.03437037299468533,0.002290712036620634,0.04972282909244061
0.034466936583861046,0.0025097307658181463,0.05254549463398925
0.03456350017303677,0.0027372743677463525,0.05540462693331929
0.034660063762212485,0.002973098438327088,0.05828741125257147
0.03475662735138821,0.0032169538780679433,0.06118049487494073
0.034853190940563925,0.0034685872496484343,0.0640701216563085
0.03494975452973964,0.0037277411544947405,0.06694227533233099
0.03504631811891536,0.003994154629015957,0.0697828278476942
0.03514288170809108,0.004267563561014333,0.07257768887478509
0.0352394452972668,0.004547701126599657,0.07531295276289178
0.03533600888644252,0.0048342982477472575,0.07797503939558263
0.035432572475618235,0.00512708407042764,0.08055082581209705
0.03552913606479395,0.0054257864630201155,0.08302776593948984
0.03562569965396967,0.005730132534493299,0.08539399635148837
0.03572226324314539,0.006039849171600398,0.08763842658096098
0.03581882683232111,0.00635466359409945,0.08975081312968833
0.03591539042149683,0.006674303926766784,0.09172181690933445
0.036011954010672545,0.006998499786732779,0.09354304438432076
0.03610851759984826,0.00732698288443398,0.0952070731507515
0.036205081189023984,0.007659487636246187,0.09670746306333759
0.0363016447781997,0.007995751786645123,0.0980387543094392
0.03639820836737542,0.008335517037535734,0.09919645402767471
0.03649477195655114,0.008678529682198524,0.10017701318511071
0.036591335545726855,0.009024541241133882,0.10097779547290876
0.03668789913490257,0.009373309096929806,0.10159703996862939
0.036784462724078294,0.009724597125154203,0.10203381925802926
0.03688102631325402,0.010078176318170092,0.10228799462313744
0.03697758990242973,0.010433825398697598,0.10236016979774754
0.03707415349160545,0.010791331419901086,0.10225164467460535
0.037170717080781165,0.011150490348765531,0.10196437022579313
0.03726728066995688,0.011511107629541408,0.10150090577134255
0.037363844259132604,0.011872998724085647,0.10086437960033826
0.03746040784830833,0.01223598962600477,0.10005845381099344
0.037556971437484044,0.012599917345617323,0.09908729408722133
0.03765353502665976,0.01296463036289329,0.09795554496448701
0.037750098615835476,0.013329989045698588,0.09666831095295833
0.0378466622050112,0.013695866030869277,0.09523114367824724
0.037943225794186915,0.014062146565865989,0.09365003496832254
0.03803978938336264,0.01442872880900297,0.09193141556089747
0.038136352972538354,0.014795524086515405,0.09008215883300852
0.03823291656171407,0.015162457105013648,0.08810958867060219
0.038329480150889786,0.01552946611817314,0.08602149031050887
0.03842604374006551,0.01589650304681937,0.08382612271235737
0.03852260732924123,0.016263533551890003,0.08153223076782802
0.03861917091841695,0.016630537060075293,0.07914905544447932
0.038715734507592664,0.016997506742271226,0.0766863398071142
0.03881229809676838,0.017364449445295697,0.07415432877674501
0.038908861685944096,0.017731385577642193,0.071563760489822
0.03900542527511982,0.018098348950351763,0.06892584722024771
0.03910198886429554,0.01846538657438459,0.0662522440318677
0.03919855245347126,0.01883255841615533,0.06355500364306199
0.039295116042646974,0.01919993711316443,0.060846516405307485
0.03939167963182269,0.019567607651907397,0.05813943481521898
0.03948824322099841,0.019935667010470736,0.05544658257848543
0.03958480681017413,0.020304223768432522,0.052780848901183015
0.03968137039934985,0.02067339768686513,0.05015506936957725
0.03977793398852557,0.02104331926140126,0.04758189545901279
0.039874497577701284,0.02141412925145554,0.04507365534789321
0.039971061166877,0.021785978188806034,0.04264220926568032
0.040067624756052724,0.022159025868824764,0.04029880303804165
0.040164188345228446,0.02253344082770918,0.038053923777184986
0.04026075193440416,0.022909399809101266,0.03591716177851405
0.04035731552357988,0.023287087223499443,0.033897082614338325
0.040453879112755595,0.023666694603859575,0.03200111316159897
0.04055044270193131,0.02404842006075537,0.030235444876133152
0.040647006291107034,0.024432467740420426,0.028604957054976097
0.04074356988028276,0.02481904728893407,0.027113162144360606
0.04084013346945847,0.025208373325727042,0.025762174394828027
0.04093669705863419,0.025600664929493713,0.024552702379848624
0.041033260647809905,0.02599614513948416,0.023484065123770523
0.04112982423698563,0.02639504047503202,0.022554230868044818
0.041226387826161344,0.026797580476041485,0.02175987687403788
0.04132295141533707,0.027203997267017034,0.0210964681401014
0.04141951500451278,0.02761452514707029,0.02055835251391175
0.0415160785936885,0.02802940020818461,0.02013886941271622
0.041612642182864215,0.02844885998385588,0.01983046921957882
0.04170920577203994,0.028873143130059897,0.019624840391462037
0.04180576936121566,0.02930248914033078,0.019513041378554037
0.04190233295039138,0.02973713809655484,0.019485634594513024
0.04199889653956709,0.030177330456910893,0.019532819874663356
0.04209546012874281,0.030623306882204628,0.019644565095461388
0.042192023717918525,0.03107530810166337,0.019810731888375926
0.04228858730709425,0.0315335748190715,0.020021194652964605
0.04238515089626997,0.03199834765993744,0.020265951349515584
0.04248171448544569,0.03246986716019407,0.020535224826954697
0.0425782780746214,0.032948373796742515,0.02081955371542729
0.04267484166379712,0.03343410805995137,0.02110987218563537
0.04277140525297284,0.033927310568029445,0.021397578149920028
0.04286796884214856,0.03442822222298529,0.021674589754115126
0.04296453243132428,0.03493708440768999,0.021933390283876125
0.0430610960205,0.03545413922334944,0.02216706188194515
0.043157659609675714,0.03597962976648654,0.02236930873869409
0.04325422319885143,0.036513800444323986,0.022534470670014697
0.04335078678802715,0.03705689732724667,0.022657528225030362
0.043447350377202876,0.03760916853680731,0.022734100660878047
0.04354391396637859,0.03817086466752453,0.022760438272472653
0.04364047755555431,0.03874223924051015,0.022733410662077774
0.043737041144730024,0.03932354918673981,0.022650492568858278
0.04383360473390574,0.03991505535757549,0.02250974884724043
0.04393016832308146,0.04051702305992861,0.02230982008292367
0.044026731912257186,0.041129722613246066,0.022049910168405542
0.0441232955014329,0.04175342992529864,0.021729776931033278
0.04421985909060862,0.04238842708354684,0.021349726624323797
0.044316422679784334,0.04303500295867135,0.02091061276887476
0.04441298626896006,0.04369345381667072,0.020413839476155198
0.04450954985813577,0.044364083935755395,0.019861369021976143
0.044606113447311496,0.045047206224108426,0.019255733072595472
0.04470267703648721,0.04574314283443273,0.01860004662162742
0.04479924062566293,0.0464522257710777,0.017898023386275115
0.044895804214838644,0.04717479748542148,0.01715399115201531
0.04499236780401437,0.04791121145508795,0.016372905359299705
0.04508893139319009,0.0486618327425077,0.015560359105421957
0.045185494982365806,0.0494270385282751,0.014722587697938905
0.04528205857154152,0.05020721861472275,0.013866465947882635
0.04537862216071724,0.05100277589513404,0.012999496532378516
0.045475185749892955,0.05181412678402793,0.01212978798356245
0.04557174933906868,0.052641701603999225,0.011266021165528134
0.0456683129282444,0.05348594492466743,0.01041740347040048
0.04576487651742012,0.05434731584938829,0.009593610381317114
0.04586144010659583,0.05522628824550263,0.00880471449350939
0.04595800369577155,0.056123350914053696,0.008061102532112709
0.04605456728494727,0.057039007695075306,0.007373381333489226
0.04615113087412299,0.05797377750476424,0.006752274143556822
0.04624769446329871,0.05892819430106475,0.006208508912559829
0.04634425805247443,0.05990280697445256,0.005752700515986688
0.04644082164165014,0.060898179160967694,0.005395228996610354
0.04653738523082586,0.06191488897484035,0.00514611599986043
0.04663394882000158,0.06295352865835278,0.005014901567226117
0.046730512409177305,0.06401470414691099,0.005010523369256589
0.04682707599835302,0.0650990345476247,0.005141200314796384
0.04692363958752874,0.06620715153004487,0.00541432228337282
0.04702020317670445,0.0673396986280606,0.005836347511549484
0.04711676676588017,0.06849733045230973,0.006412708939518782
0.04721333035505589,0.06968071181282955,0.007147730607051531
0.047309893944231615,0.07089051675202726,0.008044554990423978
0.04740645753340733,0.07212742748841612,0.0091050820019615
0.04750302112258305,0.07339213327192437,0.010329920234328924
0.04759958471175876,0.07468532915192744,0.01171835092090764
0.047696148300934486,0.07600771465951231,0.01326830499560738
0.0477927118901102,0.0773599924058086,0.014976353561258003
0.047889275479285925,0.07874286659855886,0.01683771200443247
0.04798583906846164,0.08015704147940499,0.018846257914934345
0.04808240265763736,0.08160321968468527,0.020994562870052573
0.048178966246813074,0.08308210053281495,0.02327393801919093
0.0482755298359888,0.08459437824161507,0.025674493249218847
0.04837209342516452,0.08614074007920756,0.02818520952448584
0.048468657014340236,0.08772186445235913,0.030794023781890445
0.04856522060351595,0.08933841893639191,0.03348792552882199
0.04866178419269167,0.09099105825100343,0.03625306405174081
0.048758347781867384,0.09268042218656602,0.0390748649097189
0.048854911371043114,0.09440713348567514,0.04193815417551265
0.04895147496021883,0.09617179568491387,0.044827288711490554
0.049048038549394546,0.09797499092199755,0.047726290641933754
0.04914460213857026,0.09981727771363413,0.050618984116571036
0.04924116572774598,0.1016991887096138,0.05348913245830196
0.049337729316921694,0.10362122842882074,0.056320573851559336
0.049434292906097424,0.10558387098300705,0.05909735385237381
0.04953085649527314,0.10758755779434476,0.06180385317804248
0.049627420084448856,0.10963269531292659,0.06442490945051794
0.04972398367362457,0.1117196527405304,0.06694593180786626
0.04982054726280029,0.11384875976713062,0.06935300754560547
0.049917110851976004,0.11602030432677908,0.07163300018804818
0.050013674441151734,0.11823453037962245,0.07377363860411133
0.05011023803032745,0.12049163572697738,0.07576359696068911
0.050206801619503166,0.1227917698665115,0.07759256544170247
0.05030336520867888,0.12513503189471445,0.07925131174891191
0.0503999287978546,0.12752146846397758,0.080731733442784
0.05049649238703033,0.12995107180170443,0.08202690118356433
0.050593055976206044,0.1324237777989914,0.08313109290353803
0.05068961956538176,0.13493946417651195,0.08403981889306189
0.05078618315455748,0.13749794873530718,0.0847498377287274
0.05088274674373319,0.14009898770025486,0.0852591629255658
0.05097931033290891,0.14274227416402993,0.08556706016892163
0.05107587392208464,0.1454274366393708,0.08567403498572698
0.051172437511260355,0.14815403772747532,0.08558181075627189
0.05126900110043607,0.15092157291029212,0.08529329704924463
0.05136556468961179,0.15372946947439592,0.08481254838357229
0.0514621282787875,0.15657708557403835,0.08414471367523901
0.05155869186796322,0.15946370944079247,0.0832959768068552
0.05165525545713895,0.16238855874703395,0.08227348895068899
0.051751819046314665,0.165350780130229,0.08108529346874802
0.05184838263549038,0.16834944888475165,0.07974024439244878
0.0519449462246661,0.17138356882756398,0.07824791963631292
0.05204150981384181,0.17445207234373297,0.07661853021376727
0.05213807340301754,0.1775538206172895,0.07486282679018808
0.05223463699219326,0.18068760405243964,0.07299200492401814
0.052331200581368975,0.18385214288957538,0.07101761031021675
0.05242776417054469,0.18704608801991213,0.06895144525445854
0.05252432775972041,0.19026802200191578,0.06680547747781662
0.05262089134889612,0.19351646028195316,0.06459175218951974
0.05271745493807185,0.19678985262082685,0.062322308181062866
0.05281401852724757,0.20008658472702348,0.06000909850085757
0.052910582116423285,0.20340498009664293,0.05766391607709637
0.053007145705599,0.20674330205906122,0.0552983244790584
0.05310370929477472,0.21009975602641698,0.052923593853401604
0.05320027288395045,0.21347249194406367,0.05055064194943294
0.05329683647312616,0.21685960693808334,0.048189980060505566
0.05339340006230188,0.22025914815497818,0.04585166365915708
0.053489963651477596,0.22366911578758072,0.043545247490141215
0.05358652724065331,0.2270874662802176,0.041279744904152656
0.05368309082982903,0.23051211570511068,0.03906359125981391
0.05377965441900476,0.23394094330099138,0.03690461128465128
0.053876218008180474,0.2373717951638958,0.03480999035891042
0.05397278159735619,0.24080248807914809,0.03278624976038064
0.054069345186531906,0.24423081348261494,0.03083922597590205
0.05416590877570762,0.24765454153842223,0.02897405423892431
0.05426247236488334,0.2510714253195247,0.027195156487216297
0.05435903595405907,0.25447920507673744,0.025506233947431206
0.054455599543234784,0.2578756125811768,0.023910264542739194
0.0545521631324105,0.2612583755244451,0.02240950528734745
0.054648726721586216,0.2646252219603743,0.021005499780525103
0.05474529031076193,0.2679738847717291,0.019699090847253194
0.05484185389993766,0.2713021061449526,0.01849043829833696
0.05493841748911338,0.27460764203578447,0.01737904170555067
0.055034981078289094,0.2778882666085214,0.016363768012658764
0.05513154466746481,0.2811417766316215,0.015442883735720225
0.055228108256640526,0.28436599581250704,0.014614091449389856
0.05532467184581624,0.287558779054606,0.013874570211954526
0.05542123543499197,0.2907180166200031,0.013221019550928718
0.05551779902416769,0.2938416381814948,0.01264970661195652
0.055614362613343404,0.2969276167483949,0.012156516064025243
0.05571092620251912,0.29997397245103585,0.01173700235011806
0.055807489791694836,0.3029787761696646,0.011386443870456744
0.05590405338087055,0.3059401529942512,0.011099898681482468
0.05600061697004628,0.30885628550259453,0.010872261284238852
0.056097180559222,0.31172541684511407,0.010698320058347803
0.056193744148397715,0.3145458536257432,0.010572814871095586
0.05629030773757343,0.3173159685694164,0.010490494355527631
0.05638687132674915,0.32003420296781665,0.01044617230872937
0.05648343491592488,0.3226990688962011,0.010434782614944278
0.05657999850510059,0.3253091511953415,0.010451432052376223
0.05667656209427631,0.3278631092138506,0.010491450302815704
0.056773125683452025,0.3303596783073806,0.01055043645534459
0.05686968927262774,0.33279767109243646,0.010624301284882447
0.05696625286180346,0.33517597845374986,0.010709304598055932
0.05706281645097919,0.3374935703053737,0.010802086976413177
0.0571593800401549,0.33974949610683747,0.010899695312334551
0.05725594362933062,0.34194288513682297,0.010999601626194695
0.057352507218506335,0.3440729465279406,0.011099714772513354
0.05744907080768205,0.3461389690672112,0.011198384784221721
0.05754563439685777,0.3481403207678538,0.011294399762396068
0.0576421979860335,0.3500764482189221,0.011386975387292443
0.05773876157520921,0.35194687572015726,0.01147573729802968
0.05783532516438493,0.35375120421026346,0.01156069675544401
0.057931888753560645,0.3554891099974874,0.01164222015854253
0.05802845234273636,0.35716034330206425,0.011720993123570889
0.05812501593191209,0.3587647266206365,0.011797979951153777
0.05822157952108781,0.3603021529232595,0.011874379397893034
0.05831814311026352,0.36177258369402887,0.011951577732323918
0.05841470669943924,0.36317604682668403,0.012031100090745608
0.058511270288614955,0.3645126343868548,0.012114561156880324
0.05860783387779067,0.3657825002527649,0.012203616172218644
0.0587043974669664,0.3669858576463857,0.012299913243567221
0.05880096105614212,0.36812297656706555,0.012405047853338314
0.058897524645317834,0.3691941811396697,0.012520520399238847
0.05899408823449355,0.3701998468892256,0.012647697495861478
0.059090651823669266,0.37114039795393605,0.012787777663755606
0.05918721541284498,0.37201630424827453,0.01294176191417673
0.05928377900202071,0.37282807858766964,0.013110429612129134
0.05938034259119643,0.3735762737860301,0.013294319868788547
0.059476906180372144,0.37426147973708324,0.013493718579357609
0.05957346976954786,0.3748843204901713,0.01370865108655476
0.059670033358723576,0.37544545133080376,0.013938880316359627
0.059766596947899306,0.3759455558758903,0.014183910104753563
0.05986316053707502,0.37638534319317596,0.01444299331575515
0.05995972412625074,0.3767655449539888,0.014715144245961112
0.060056287715426454,0.3770869126279811,0.014999154722908154
0.06015285130460217,0.3773502147280928,0.015293613237398
0.060249414893777886,0.3775562341135333,0.015596926406391912
0.060345978482953616,0.3777057653580968,0.015907342045219694
0.06044254207212933,0.37779961219068764,0.016222973136580273
0.06053910566130505,0.37783858501445555,0.01654182201880698
0.060635669250480764,0.3778234985104762,0.016861804175454766
0.06073223283965648,0.37775516933146586,0.01718077108949932
0.060828796428832196,0.3776344138905391,0.01749653172424215
0.060925360018007926,0.3774620462495851,0.017806872304392724
0.06102192360718364,0.3772388761113738,0.018109574189171463
0.06111848719635936,0.3769657069190682,0.018402429748770793
0.061215050785535075,0.37664333406637995,0.018683256270334618
0.06131161437471079,0.3762725432211726,0.01894990802438736
0.06140817796388652,0.375854108764907,0.019200286712624783
0.06150474155306224,0.3753887923498843,0.019432350589380445
0.06160130514223795,0.3748773415758714,0.01964412259914003
0.06169786873141367,0.3743204887872565,0.019833697899609117
0.061794432320589385,0.37371894999152844,0.019999251143607066
0.0618909959097651,0.37307342389946,0.020139043874209075
0.06198755949894083,0.3723845910870319,0.020251432347823225
0.06208412308811655,0.3716531132787485,0.020334876042009602
0.06218068667729226,0.3708796327516503,0.02038794703224472
0.06227725026646798,0.3700647718589893,0.02040934033858071
0.062373813855643695,0.3692091326721788,0.020397885253638868
0.06247037744481941,0.3683132967393249,0.020352557572193775
0.06256694103399514,0.3673778249583154,0.020272492554268374
0.06266350462317086,0.3664032575621458,0.02015699837240729
0.06276006821234657,0.3653901142138573,0.020005569723402578
0.06285663180152229,0.3643388942081994,0.019817901228347475
0.062953195390698,0.3632500767768316,0.019593900204823624
0.06304975897987374,0.3621241214936525,0.019333698372779276
0.06314632256904945,0.3609614687765729,0.019037662051774377
0.06324288615822517,0.3597625404818396,0.018706400421446397
0.06333944974740088,0.35852774058679404,0.018340771448128998
0.0634360133365766,0.3572574559567446,0.017941885126689112
0.06353257692575232,0.3559520571914641,0.017511103745459736
0.06362914051492805,0.35461189954663386,0.01705003895088501
0.06372570410410376,0.35323732392542556,0.016560545464244826
0.06382226769327948,0.3518286579352604,0.016044711382677143
0.0639188312824552,0.3503862170046866,0.015504845077906955
0.06401539487163091,0.3489103055551958,0.014943458786119312
0.06411195846080663,0.3474012182227416,0.014363249059139131
0.06420852204998236,0.34585924112363536,0.013767074318685258
0.06430508563915807,0.34428465315946927,0.013157929820532795
0.06440164922833379,0.3426777273556708,0.012538920392790524
0.0644982128175095,0.3410387322282949,0.01191323136131354
0.06459477640668522,0.33936793317365616,0.01128409811481566
0.06469133999586095,0.3376655938754245,0.010654774791955124
0.06478790358503667,0.3359319777238509,0.010028502592059644
0.06488446717421238,0.3341673492418308,0.009408478219825803
0.0649810307633881,0.3323719755125865,0.00879782297196167
0.06507759435256381,0.33054612760382435,0.008199552960145722
0.06517415794173953,0.32869008198331,0.007616550939868706
0.06527072153091526,0.3268041219209081,0.007051540178951473
0.06536728512009098,0.3248885388722509,0.006507060753401295
0.06546384870926669,0.3229436338393038,0.005985448602729113
0.06556041229844241,0.32096971870324326,0.005488817613295519
0.06565697588761812,0.31896711752518286,0.0050190449284583435
0.06575353947679384,0.31693616781043676,0.004577759610399599
0.06585010306596957,0.314877221732144,0.004166334702958617
0.06594666665514529,0.31279064731024175,0.003785882670168022
0.066043230244321,0.3106768295419121,0.003437254114127831
0.06613979383349672,0.3085361714798052,0.0031210396108621273
0.06623635742267243,0.3063690952544792,0.0028375744461233768
0.06633292101184816,0.30417604303767687,0.002586945986580982
0.06642948460102388,0.30195747794320266,0.00236900338676624
0.0665260481901996,0.29971388486233813,0.0021833693092646865
0.06662261177937531,0.29744577123089083,0.0020294533250565377
0.06671917536855103,0.2951536677251429,0.0019064666620713252
0.06681573895772674,0.2928381288841078,0.0018134379818736386
0.06691230254690247,0.2904997336556983,0.0017492298853619876
0.06700886613607819,0.2881390858645521,0.001712555876533222
0.0671054297252539,0.28575681459942104,0.001701997546589131
0.06720199331442962,0.2833535745182342,0.001716021776724889
0.06729855690360534,0.2809300460690668,0.0017529977946694711
0.06739512049278105,0.27848693562545407,0.0018112139554660612
0.06749168408195678,0.27602497553465394,0.001888894149391921
0.0675882476711325,0.2735449240776393,0.0019842137679948837
0.06768481126030822,0.2710475653397805,0.002095315182054619
0.06778137484948393,0.268533708991395,0.002220322702380863
0.06787793843865965,0.2660041899774919,0.0023573570056733195
0.06797450202783538,0.2634598681162898,0.002504549013502694
0.0680710656170111,0.2609016276062622,0.002660053213456486
0.06816762920618681,0.2583303764416893,0.0028220604084939704
0.06826419279536253,0.25574704573694174,0.0029888098745824905
0.06836075638453824,0.2531525889599275,0.003158600898825262
0.06845731997371396,0.25054798107539555,0.0033298036615925924
0.06855388356288969,0.24793421759903775,0.003500869417605656
0.0686504471520654,0.24531231356358957,0.0036703399233209834
0.06874701074124112,0.24268330239840727,0.003836856051972806
0.06884357433041684,0.2400482347242744,0.003999165533706176
0.06894013791959255,0.23740817706547335,0.004156129756653174
0.06903670150876827,0.23476421048146126,0.004306729565662453
0.069133265097944,0.2321174291207837,0.004450069998666356
0.06922982868711972,0.2294689387001695,0.0045853839062332475
0.06932639227629543,0.22681985491204798,0.004712034407517386
0.06942295586547115,0.2241713017640667,0.004829516145383703
0.06951951945464686,0.221524409854465,0.004937455314748405
0.0696160830438226,0.21888031458751084,0.0050356084509533315
0.06971264663299831,0.21624015433348098,0.0051238599791254575
0.06980921022217403,0.21360506853798616,0.005202218540809044
0.06990577381134974,0.21097619578574875,0.005270812130545672
0.07000233740052546,0.20835467182419196,0.005329882092321881
0.07009890098970117,0.20574162755252356,0.005379776043658404
0.0701954645788769,0.20313818698220257,0.00542093981324227
0.07029202816805262,0.20054546517497807,0.005453908495967874
0.07038859175722834,0.19796456616485789,0.005479296746516485
0.07048515534640405,0.19539658087060216,0.005497788448526835
0.07058171893557977,0.192842585005514,0.005510125910295618
0.07067828252475548,0.19030363699142538,0.005517098749063703
0.07077484611393121,0.18778077588392467,0.0055195326335874635
0.07087140970310693,0.18527501931595852,0.005518278058253547
0.07096797329228265,0.18278736146699337,0.005514199320987596
0.07106453688145836,0.1803187710649481,0.005508163871365876
0.07116110047063408,0.17787018942812197,0.00550103218462214
0.07125766405980981,0.1754425285542662,0.00549364830188042
0.07135422764898552,0.17303666926388586,0.005486831157421552
0.07145079123816124,0.17065345940473736,0.005481366790849187
0.07154735482733696,0.16829371212432434,0.00547800151658001
0.07164391841651267,0.1659582042170075,0.005477436096231493
0.07174048200568839,0.16364767455210213,0.005480320932351705
0.07183704559486412,0.161362822589094,0.005487252275678331
0.07193360918403983,0.15910430698576783,0.005498769413780547
0.07203017277321555,0.15687274430474,0.005515352787445804
0.07212673636239127,0.15466870782350567,0.0055374229632407495
0.07222329995156698,0.15249272645270928,0.005565340376784538
0.07231986354074271,0.15034528376694284,0.00559940575166921
0.07241642712991843,0.1482268171519108,0.005639861093638924
0.07251299071909414,0.1461377170713369,0.005686891158379921
0.07260955430826986,0.14407832645651122,0.005740625293663417
0.07270611789744558,0.14204894022085524,0.005801139562071423
0.07280268148662129,0.14004980490137925,0.005868459058475041
0.07289924507579702,0.13808111842838738,0.00594256034612782
0.07299580866497274,0.13614303002423742,0.006023373945995033
0.07309237225414845,0.13423564023145246,0.0061107868251123335
0.07318893584332417,0.13235900106994314,0.0062046448407783875
0.07328549943249989,0.13051311632258403,0.006304755107771814
0.0733820630216756,0.12869794194785608,0.00641088826517884
0.07347862661085133,0.12691338661778048,0.006522780627605975
0.07357519020002705,0.1251593123788854,0.00664013621240945
0.07367175378920277,0.12343553543345119,0.006762628640113133
0.07376831737837848,0.12174182703786,0.006889902909490157
0.0738648809675542,0.12007791451443177,0.0070215770520301824
0.07396144455672993,0.11844348237272789,0.007157243672904903
0.07405800814590564,0.11683817353593513,0.007296471387321862
0.07415457173508136,0.11526159066758761,0.00743880616254672
0.07425113532425708,0.11371329759358184,0.007583772577087334
0.07434769891343279,0.11219282081413107,0.007730875009723575
0.07444426250260851,0.11069965110008176,0.007879598772350171
0.07454082609178424,0.10923324516776042,0.008029411202007987
0.07463738968095995,0.1077930274263611,0.008179762729002529
0.07473395327013567,0.10637839179169706,0.008330087939566815
0.07483051685931139,0.10498870356004575,0.008479806653000677
0.0749270804484871,0.10362330133568988,0.008628325034469642
0.07502364403766282,0.1022814990057255,0.00877503676551229
0.07512020762683855,0.10096258775565435,0.008919324294649702
0.07521677121601426,0.09966583811927528,0.009060560190201126
0.07531333480518998,0.09839050205642534,0.009198108616423267
0.0754098983943657,0.09713581505215335,0.009331326952406573
0.07550646198354141,0.09590099823099499,0.00945956757084402
0.07560302557271714,0.09468526048009959,0.009582179790975762
0.07569958916189286,0.09348780057509147,0.009698512016898645
0.07579615275106857,0.09230780930267396,0.00980791406926884
0.07589271634024429,0.09114447157413892,0.009909739715490319
0.07598927992942,0.08999696852411837,0.010003349401062402
0.07608584351859572,0.08886447958909295,0.010088113183116929
0.07618240710777145,0.08774618456037463,0.010163413866519712
0.07627897069694717,0.0866412656064838,0.01022865034336461
0.07637553428612288,0.08554890926005407,0.01028324113828175
0.0764720978752986,0.08446830836463824,0.010326628164585957
0.07656866146447432,0.08339866397699582,0.010358280699669887
0.07666522505365003,0.08233918722071296,0.01037769959179642
0.07676178864282576,0.08128910108720722,0.010384421714037412
0.07685835223200148,0.08024764218045256,0.010378024683918317
0.0769549158211772,0.07921406240198423,0.010358131868637231
0.07705147941035291,0.07818763057299594,0.010324417694812193
0.07714804299952863,0.0771676339906031,0.010276613277849168
0.07724460658870436,0.07615337991558002,0.01021451237860369
0.07734117017788007,0.0751441969891412,0.010137977683538338
0.07743773376705579,0.07413943657658047,0.010046947388783744
0.0775342973562315,0.07313847403583726,0.009941442048358165
0.07763086094540722,0.0721407099092885,0.009821571622559203
0.07772742453458294,0.07114557103734297,0.009687542634773767
0.07782398812375867,0.07015251159261729,0.009539665314588127
0.07792055171293438,0.06916101403374746,0.009378360573313684
0.0780171153021101,0.06817058997811982,0.00920416662641102
0.07811367889128581,0.06718078099302477,0.009017745047518766
0.07821024248046153,0.06619115930500478,0.008819886012794022
0.07830680606963725,0.06520132842736495,0.008611512474012458
0.07840336965881298,0.06421092370606607,0.0083936829862963
0.07849993324798869,0.06321961278443934,0.008167592913193815
0.07859649683716441,0.06222709598737439,0.007934573739607969
0.07869306042634013,0.06123310662586677,0.007696090242802803
0.07878962401551584,0.06023741122301435,0.007453735303931439
0.07888618760469157,0.05923980966275767,0.007209222187124608
0.07898275119386729,0.05824013526287306,0.006964374169375759
0.079079314783043,0.05723825477392611,0.006721111470786146
0.07917587837221872,0.056234068306068447,0.006481435509081049
0.07927244196139444,0.05522750918577152,0.00624741058197889
0.07936900555057015,0.05421854374475024,0.0060211431628863915
0.07946556913974588,0.05320717104350089,0.005804759076124294
0.0795621327289216,0.052193422532053585,0.005600378894038438
0.07965869631809731,0.05117736165067131,0.005410091966644613
0.07975525990727303,0.05015908337338037,0.0052359295519781085
0.07985182349644876,0.04913871369734271,0.0050798375596772345
0.07994838708562448,0.0481164090812055,0.0049436494497993215
0.08004495067480019,0.047092355835650745,0.004829059842440579
0.08014151426397591,0.046066769469482606,0.004737599391159735
0.08023807785315162,0.045039893994648736,0.0046706114549317735
0.08033464144232734,0.04401200119366502,0.004629231070430729
0.08043120503150307,0.04298338985295724,0.004614366680380107
0.08052776862067879,0.04195438496566567,0.00462668501635568
0.0806243322098545,0.04092533690746951,0.004666599467776513
0.08072089579903022,0.03989662058900222,0.004734262194915606
0.08081745938820593,0.03886863458838595,0.004829560164554963
0.08091402297738165,0.037841800267405204,0.004952115204226043
0.08101058656655738,0.0368165608747686,0.005101288086478398
0.0811071501557331,0.035793380639856376,0.005276186569834947
0.08120371374490881,0.03477274386024177,0.0054756772394766885
0.08130027733408453,0.03375515398621254,0.005698400909679818
0.08139684092326024,0.032741132705358424,0.005942791273129315
0.08149340451243597,0.03173121903019527,0.006207096411072765
0.08158996810161169,0.03072596839163155,0.0064894027146655785
0.0816865316907874,0.029725951740927636,0.006787660713735433
0.08178309527996312,0.028731754662633884,0.00709971226661082
0.08187965886913884,0.02774397650080081,0.007423318535650225
0.08197622245831455,0.026763229500570206,0.007756188159568302
0.08207278604749028,0.025790137967048977,0.008096005037156231
0.082169349636666,0.024825337443159144,0.008440455158587386
0.08226591322584172,0.02386947390794377,0.008787251960584724
0.08236247681501743,0.022923202996581193,0.009134159739860415
0.08245904040419315,0.021987189243146087,0.009479014734069605
0.08255560399336886,0.02106210534692045,0.009819743568759443
0.0826521675825446,0.020148631462828463,0.010154378869247067
0.08274873117172031,0.019247454516359876,0.010481071944052614
0.08284529476089603,0.01835926754309957,0.010798102556881515
0.08294185835007174,0.017484769052782716,0.011103885912262614
0.08303842193924746,0.016624662417568072,0.01139697708081313
0.08313498552842319,0.01577965528401751,0.011676073178897042
0.0832315491175989,0.014950459008077628,0.011940013689861164
0.08332811270677462,0.014137788112158434,0.012187779366477318
0.08342467629595034,0.013342359763234054,0.012418490184007824
0.08352123988512605,0.01256489327072273,0.012631402818876552
0.08361780347430177,0.01180610960274173,0.012825908108811715
0.0837143670634775,0.01106673091920184,0.013001528907279044
0.08381093065265321,0.010347480120075336,0.013157918679923218
0.08390749424182893,0.009649080407059996,0.013294861106505296
0.08400405783100465,0.008972254856768818,0.013412270852300937
0.08410062142018036,0.008317726003500081,0.01351019556269407
0.08419718500935608,0.007686215429573925,0.013588819018882628
0.08429374859853181,0.007078443361185698,0.01364846527665778
0.08439031218770753,0.006495128267694301,0.013689603499665503
0.08448687577688324,0.005936986462258352,0.013712853098802241
0.08458343936605896,0.00540473170173895,0.013718988705439234
0.08468000295523467,0.004899074783817013,0.013708944442407668
0.0847765665444104,0.004420723139311196,0.013683816916683317
0.08487313013358612,0.003970380417747016,0.013644866344055876
0.08496969372276184,0.003548746064300316,0.01359351523020948
0.08506625731193755,0.0031565148863306755,0.013531344074815833
0.08516282090111327,0.002794376607826844,0.013460083634467213
0.08525938449028898,0.0024630154102062525,0.013381603374380515
0.08535594807946471,0.0021631094580455367,0.01329789585454998
0.08545251166864043,0.0018953304084634067,0.01321105692924366
0.08554907525781615,0.0016603429030362948,0.013123261784551128
0.08564563884699186,0.0014588040412958213,0.013036736991737368
0.08574220243616758,0.0012913628350308662,0.012953728908805272
0.0858387660253433,0.0011586596428055061,0.012876468913298335
0.08593532961451902,0.0010613255842933417,0.012807136090506746
0.08603189320369474,0.0009999819342261895,0.012747818127794259
0.08612845679287046,0.0009752394959552625,0.012700471273115552
0.08622502038204617,0.000987697954827024,0.012666880299938399
0.08632158397122189,0.0010379452117787696,0.012648619478366785
0.08641814756039762,0.0011265566977639772,0.012647015580633015
0.08651471114957333,0.0012540946698187563,0.012663113946422548
0.08661127473874905,0.00142110748977958,0.012697648598617278
0.08670783832792477,0.0016281288868566478,0.012751017332815202
0.08680440191710048,0.0018756772054553852,0.012823262605092397
0.0869009655062762,0.0021642546398171524,0.012914058913699313
0.08699752909545193,0.002494346457225575,0.013022707214508792
0.08709409268462764,0.0028664202116819933,0.013148136731040122
0.08719065627380336,0.0032809249501061285,0.013288914322827597
0.08728721986297908,0.003738290413255686,0.01344326136694026
0.08738378345215479,0.004238926233681966,0.013609077893660698
0.08748034704133052,0.004783221133146548,0.013783973506435253
0.08757691063050624,0.005371542122022634,0.013965304416341206
0.08767347421968195,0.006004233703278816,0.014150215740546994
0.08777003780885767,0.00668161708370315,0.014335688060155156
0.08786660139803339,0.0074039893950757505,0.014518587112056574
0.0879631649872091,0.008171622928017094,0.014695715407237566
0.08805972857638483,0.008984764381253264,0.014863864527864147
0.08815629216556055,0.00984363412902418,0.015019866858914854
0.08825285575473626,0.010748425509343828,0.015160645556503006
0.08834941934391198,0.011699304135760997,0.015283261641579988
0.0884459829330877,0.012696407235222786,0.015384957229800364
0.08854254652226341,0.013739843014553195,0.015463194059699904
0.08863911011143914,0.01482969005796784,0.015515686654599063
0.08873567370061486,0.015965996757934958,0.015540429640668516
0.08883223728979057,0.017148780781566345,0.01553571893615996
0.08892880087896629,0.01837802857458801,0.015500166716916447
0.08902536446814201,0.019653694904779324,0.015432710243745172
0.08912192805731774,0.020975702446617606,0.015332614801867503
0.08921849164649345,0.022343941408690355,0.01519947114657573
0.08931505523566917,0.023758269205254565,0.01503318796889482
0.08941161882484489,0.02521851017313413,0.014833979988320018
0.0895081824140206,0.02672445533496788,0.014602352345715967
0.08960474600319632,0.028275862209598615,0.014339082008468873
0.08970130959237205,0.029872454670229,0.014045196913182262
0.08979787318154776,0.03151392285074082,0.01372195356050953
0.08989443677072348,0.03319992310039551,0.01337081374457955
0.0899910003598992,0.03493007798693315,0.01299342104869145
0.09008756394907491,0.03670397634789684,0.012591577672558571
0.09018412753825063,0.03852117338982129,0.012167222077505164
0.09028069112742636,0.04038119083475243,0.011722407847831837
0.09037725471660207,0.04228351711338594,0.011259284072251468
0.09047381830577779,0.04422760760396692,0.010780077451986239
0.0905703818949535,0.04621288491591731,0.010287076244901652
0.09066694548412922,0.04823873921704934,0.009782616060894754
0.09076350907330495,0.050304528603075514,0.009269067435535853
0.09086007266248067,0.052409579508010146,0.008748825029295694
0.09095663625165638,0.05455318715398223,0.008224298230990088
0.0910531998408321,0.05673461603886286,0.007697902888372948
0.09114976343000782,0.05895310046005203,0.007172053847721113
0.09124632701918353,0.06120784507272014,0.006649157958930857
0.09134289060835926,0.06349802548073717,0.006131607193680583
0.09143945419753498,0.0658227888585118,0.005621771531656818
0.0915360177867107,0.06818125460192788,0.00512199129316537
0.09163258137588641,0.07057251500658573,0.004634568634634871
0.09172914496506213,0.07299563597154031,0.004161757975017916
0.09182570855423784,0.0754496577267761,0.003705755183992069
0.09192227214341357,0.0779335955826761,0.0032686854348669687
0.09201883573258929,0.08044644069978503,0.002852589703689951
0.092115399321765,0.08298716087723876,0.0024594099784591727
0.09221196291094072,0.08555470135826834,0.0020909733257634417
0.09230852650011644,0.08814798565128273,0.0017489750436138897
0.09240509008929217,0.09076591636508437,0.001434961205787776
0.09250165367846788,0.0934073760568759,0.0011503109717326653
0.0925982172676436,0.09607122809178627,0.0008962190941912163
0.09269478085681931,0.09875631751273099,0.0006736791015457496
0.09279134444599503,0.10146147191952286,0.0004834676610939524
0.09288790803517075,0.10418550235622376,0.0003261306410566205
0.09298447162434648,0.10692720420582091,0.00020197138161485566
0.09308103521352219,0.10968535809140133,0.0001110416578188944
0.09317759880269791,0.11245873078308134,5.31357697300104e-05
0.09327416239187362,0.1152460761100043,2.778812842336006e-05
0.09337072598104934,0.11804613587683345,3.427462219691784e-05
0.09346728957022506,0.12085764078419493,7.161794814878235e-05
0.09356385315940079,0.12367931135261445,0.00013859698372733058
0.0936604167485765,0.12650985884951724,0.00023376015522017204
0.09375698033775222,0.1293479862189435,0.0003554426402855742
0.09385354392692793,0.13219238901362843,0.000501787124715139
0.09395010751610365,0.13504175632914595,0.0006707677248307517
0.09404667110527938,0.1378947717398359,0.0008602165911460846
0.0941432346944551,0.1407501142362298,0.0010678526304180355
0.09423979828363081,0.14360645916370357,0.0012913117253550333
0.09433636187280653,0.1464624791620647,0.0015281777962941063
0.09443292546198225,0.1493168451057776,0.0017760140381343297
0.09452948905115796,0.15216822704448443,0.002032393678460729
0.09462605264033369,0.1550152951434671,0.0022949296376269276
0.09472261622950941,0.1578567206236297,0.0025613025260173964
0.09481917981868512,0.16069117670055014,0.002829286484342384
0.09491574340786084,0.16351733952207237,0.0030967724555814448
0.09501230699703656,0.16633388910387714,0.0033617885677259913
0.09510887058621227,0.16913951026236282,0.0036225174003736153
0.095205434175388,0.17193289354413865,0.0038773100013399604
0.09530199776456372,0.17471273615132374,0.004124696608058479
0.09539856135373943,0.1774777428617942,0.004363394109538198
0.09549512494291515,0.18022662694342534,0.004592310355673431
0.09559168853209087,0.18295811106131016,0.004810545480127676
0.0956882521212666,0.18567092817686667,0.005017390449992532
0.09578481571044231,0.18836382243764663,0.005212323089791727
0.09588137929961803,0.1910355500566292,0.005395001849608109
0.09597794288879374,0.19368488017968677,0.005565257598100346
0.09607450647796946,0.19631059573986387,0.00572308372227323
0.09617107006714518,0.19891149429706279,0.005868624808646393
0.0962676336563209,0.20148638886168407,0.00600216416664727
0.09636419724549662,0.2040341087007259,0.0061241104364069335
0.09646076083467234,0.2065535001248413,0.00623498350136428
0.09655732442384805,0.2090434272548154,0.0063353999028117084
0.09665388801302377,0.21150277276593965,0.006426057930168595
0.09675045160219949,0.21393043860875458,0.006507722538620041
0.09684701519137522,0.21632534670466336,0.00658121022580465
0.09694357878055093,0.21868643961494164,0.006647373982301823
0.09704014236972665,0.22101268118172251,0.00670708841727543
0.09713670595890236,0.22330305713957738,0.006761235151123447
0.09723326954807808,0.22555657569641044,0.006810688561420511
0.09732983313725381,0.22777226808243106,0.006856301966704069
0.09742639672642953,0.22994918906609005,0.006898894334385734
0.09752296031560524,0.23208641743596226,0.006939237603746859
0.09761952390478096,0.23418305644766732,0.006978044721890478
0.09771608749395667,0.23623823423505047,0.0070159584988309315
0.09781265108313239,0.23825110418499196,0.007053541396664072
0.09790921467230812,0.24022084527533488,0.007091266375943988
0.09800577826148384,0.24214666237559354,0.007129508928965396
0.09810234185065955,0.24402778651025592,0.007168540433592498
0.09819890543983527,0.245863475084641,0.007208522961640182
0.09829546902901098,0.24765301207346843,0.007249505671824291
0.0983920326181867,0.24939570817244547,0.007291422908325722
0.09848859620736243,0.25109090091334546,0.007334094111716727
0.09858515979653815,0.2527379547432359,0.007377225629286801
0.09868172338571386,0.2543362610686811,0.00742041448692565
0.09877828697488958,0.2558852382658954,0.007463154155208361
0.0988748505640653,0.257384331658007,0.007504842309051377
0.09897141415324102,0.25883301346072984,0.0075447905443746886
0.09906797774241674,0.2602307826979064,0.007582235977936669
0.09916454133159246,0.26157716508851125,0.007616354619346721
0.09926110492076817,0.2628717129068535,0.007646276368664095
0.09935766850994389,0.26411400481782327,0.007671101460343405
0.0994542320991196,0.2653036456891473,0.007689918145781083
0.09955079568829533,0.2664402663827104,0.007701821383277443
0.09964735927747105,0.26752352352709957,0.007705932286417568
0.09974392286664677,0.26855309927357207,0.00770141806988899
0.09984048645582248,0.26952870103773463,0.007687512225358516
0.0999370500449982,0.2704500612292369,0.007663534658652521
0.10003361363417392,0.27131693697182924,0.007628911522210681
0.10013017722334965,0.27212910981613087,0.007583194482504104
0.10022674081252536,0.27288638544745275,0.007526079169588694
0.10032330440170108,0.27358859339099983,0.007457422564006794
0.1004198679908768,0.274235586716738,0.007377259083793743
0.10051643158005251,0.27482724174615647,0.007285815140576696
0.10061299516922824,0.2753634577630921,0.007183521938248165
0.10070955875840396,0.2758441567306873,0.007071026290395147
0.10080612234757967,0.27626928301647224,0.00694919923400101
0.10090268593675539,0.2766388031274323,0.006819142217732187
0.1009992495259311,0.27695270545681017,0.0066821906446018165
0.10109581311510682,0.27721100004424415,0.006539914552452641
0.10119237670428255,0.2774137183507032,0.006394116223207238
0.10128894029345827,0.27756091304951436,0.006246824524873495
0.10138550388263398,0.27765265783461657,0.006100285810445671
0.1014820674718097,0.27768904724698534,0.005956951226409938
0.10157863106098541,0.27767019652000247,0.005819460321441898
0.10167519465016113,0.277596241444348,0.005690620893459156
0.10177175823933686,0.2774673382527943,0.005573385070279693
0.10186832182851258,0.2772836635250879,0.005470821684928446
0.10196488541768829,0.277045414112907,0.005386085079760389
0.10206144900686401,0.27675280708467304,0.005322380552119487
0.10215801259603972,0.2764060796897943,0.005282926735934913
0.10225457618521545,0.27600548934173746,0.005270915295891432
0.10235113977439117,0.2755513136190955,0.0052894683909221465
0.10244770336356689,0.27504385028365835,0.0053415944391303795
0.1025442669527426,0.2744834173142891,0.005430142784417388
0.10264083054191832,0.2738703529552371,0.005557757923948702
0.10273739413109403,0.27320501577733786,0.005726834003408384
0.10283395772026976,0.27248778475039803,0.005939470322440649
0.10293052130944548,0.2717190593249172,0.006197428614863421
0.1030270848986212,0.2708992595211181,0.006502092876587669
0.10312364848779691,0.2700288260232033,0.0068544325084026955
0.10322021207697263,0.2691082202765465,0.0072549695207593705
0.10331677566614834,0.2681379245855181,0.00770375051335853
0.10341333925532407,0.2671184422094876,0.008200324093686108
0.10350990284449979,0.2660502974545151,0.008743724335572448
0.1036064664336755,0.26493403575817337,0.009332460801314998
0.10370303002285122,0.2637702237649174,0.009964515558867279
0.10379959361202694,0.2625594493893706,0.010637347519230745
0.10389615720120267,0.2613023218649356,0.011347904298939336
0.10399272079037838,0.2599994717751061,0.012092641679375774
0.1040892843795541,0.25865155106493126,0.012867550590207477
0.10418584796872982,0.2572592330300905,0.01366819139090077
0.10428241155790553,0.25582321228114824,0.014489735065361683
0.10437897514708125,0.25434420468060226,0.01532701078445695
0.10447553873625698,0.2528229472504711,0.016174559134533965
0.1045721023254327,0.2512601980482543,0.017026690162743507
0.10466866591460841,0.24965673600926566,0.01787754525808513
0.10476522950378413,0.2480133607534555,0.01872116177673832
0.10486179309295984,0.24633089235501027,0.019551539237209776
0.10495835668213556,0.2446101710732091,0.02036270586010606
0.10505492027131129,0.24285205704317067,0.021148784212770326
0.105151483860487,0.24105742992535067,0.021904054742873616
0.10524804744966272,0.23922718851283326,0.02262301604783947
0.10534461103883844,0.23736225029570013,0.02330044082727145
0.10544117462801415,0.23546355098194602,0.023931426599964067
0.10553773821718988,0.2335320439746766,0.0245114404304705
0.1056343018063656,0.23156869980552397,0.025036357095855152
0.10573086539554132,0.2295745055244568,0.025502490323394588
0.10582742898471703,0.22755046404640686,0.025906616936042296
0.10592399257389275,0.22549759345534712,0.026245993945825653
0.10602055616306846,0.22341692626669163,0.02651836882756409
0.1061171197522442,0.22130950864912483,0.026721983378848006
0.10621368334141991,0.21917639960717444,0.026855571720623528
0.10631024693059563,0.21701867012604859,0.026918353111030257
0.10640681051977134,0.21483740228048717,0.026910020329963213
0.10650337410894706,0.21263368830954565,0.026830724441513115
0.10659993769812279,0.21040862965941956,0.02668105675599571
0.1066965012872985,0.20816333599659678,0.026462028794253623
0.10679306487647422,0.20589892419377404,0.026175051007208065
0.10688962846564994,0.2036165172911101,0.025821910927293426
0.10698619205482565,0.201317243435532,0.025404751330289656
0.10708275564400137,0.19900223480090148,0.024926048871642285
0.1071793192331771,0.19667262649196066,0.02438859353638357
0.10727588282235281,0.19432955543503763,0.023795469112032706
0.10737244641152853,0.19197415925856218,0.02315003476498384
0.10746901000070425,0.18960757516648152,0.02245590767807792
0.10756557358987996,0.18723093880768307,0.021716946594957435
0.10766213717905568,0.18484538314455182,0.020937236019335496
0.10775870076823141,0.18245203732376133,0.020121070737616674
0.10785526435740712,0.18005202555238667,0.01927294027362483
0.10795182794658284,0.17764646598236658,0.018397512845923527
0.10804839153575856,0.1752364696062998,0.01749961838185735
0.10814495512493427,0.17282313916747583,0.016584230147734347
0.10824151871411,0.17040756808693383,0.015656444580495796
0.10833808230328572,0.1679908394102973,0.014721458951251312
0.10843464589246143,0.1655740247769272,0.01378454655308407
0.10853120948163715,0.16315818341391142,0.012851029182293581
0.10862777307081287,0.16074436115717974,0.01192624677110403
0.10872433665998858,0.15833358950196919,0.01101552412824035
0.10882090024916431,0.15592688468463875,0.010124134849018883
0.10891746383834003,0.15352524679773158,0.00925726256607855
0.10901402742751574,0.15112965893998914,0.008419959823083497
0.10911059101669146,0.1487410864028534,0.007617104964086455
0.10920715460586718,0.14636047589483964,0.006853357538244923
0.10930371819504289,0.14398875480497023,0.006133112820588287
0.10940028178421862,0.14162683050629932,0.005460456141814731
0.10949684537339434,0.13927558970039197,0.0048391178007584105
0.10959340896257005,0.136935897803426,0.004272429399150762
0.10968997255174577,0.13460859837446187,0.0037632824864933436
0.10978653614092149,0.1322945125862066,0.0033140904300985275
0.10988309973009722,0.12999443873850405,0.0029267544287057594
0.10997966331927293,0.12770915181457726,0.002602634564944757
0.11007622690844865,0.1254394030799245,0.0023425267403462463
0.11017279049762436,0.12318591972365256,0.002146646255522188
0.11026935408680008,0.12094940454185871,0.0020146186875955765
0.1103659176759758,0.11873053566257533,0.0019454785783529858
0.11046248126515153,0.1165299663116902,0.0019376762827620158
0.11055904485432724,0.11434832461910645,0.0019890931427918373
0.11065560844350296,0.11218621346434812,0.0020970649516826394
0.11075217203267868,0.11004421036072538,0.002258413465911917
0.11084873562185439,0.10792286737707013,0.0024694855140295837
0.11094529921103011,0.10582271109600751,0.0027261990516622312
0.11104186280020584,0.10374424260766157,0.00302409532872823
0.11113842638938155,0.10168793753764538,0.003358396176142238
0.11123498997855727,0.09965424610812276,0.003724065291871735
0.11133155356773299,0.09764359323073157,0.004115872315521572
0.1114281171569087,0.09565637863009718,0.004528458430214671
0.11152468074608443,0.09369297699666365,0.0049564022219130924
0.11162124433526015,0.09175373816755304,0.005394284558856075
0.11171780792443586,0.08983898733416744,0.0058367513248252095
0.11181437151361158,0.08794902527523159,0.006278572945021942
0.1119109351027873,0.08608412861399987,0.006714699776487894
0.11200749869196301,0.08424455009835544,0.007140312589260595
0.11210406228113874,0.0824305189025457,0.00755086753226208
0.11220062587031446,0.08064224094932194,0.007942135151623939
0.11229718945949017,0.07887989925127863,0.008310233201461252
0.11239375304866589,0.07714365427020882,0.008651653151448998
0.1124903166378416,0.07543364429333346,0.008963280446364498
0.11258688022701732,0.0737499858252895,0.009242408705693395
0.11268344381619305,0.07209277399478849,0.009486748163411255
0.11278000740536877,0.07046208297491942,0.009694428737386549
0.11287657099454448,0.06885796641607052,0.009863998183990181
0.1129731345837202,0.06728045789051249,0.009994415837001608
0.11306969817289592,0.06572957134770967,0.010085042452206724
0.11316626176207165,0.06420530157945883,0.010135626682390868
0.11326282535124736,0.06270762469400207,0.010146288694351975
0.11335938894042308,0.06123649859828524,0.01011750141307077
0.1134559525295988,0.05979186348757283,0.010050069841355314
0.11355251611877451,0.058373642341667885,0.009945108859144344
0.11364907970795023,0.05698174142699698,0.009804019858134904
0.11374564329712596,0.05561605080387634,0.009628466517136457
0.11384220688630167,0.05427644483828284,0.009420349973906854
0.11393877047547739,0.0529627827174802,0.009181783602232485
0.1140353340646531,0.05167490896889042,0.00891506756033221
0.11413189765382882,0.050412653981597694,0.008622663239617277
0.11422846124300454,0.04917583452991646,0.00830716771238905
0.11432502483218027,0.04796425429844861,0.007971288253851594
0.11442158842135598,0.046777704408092695,0.007617816998163188
0.1145181520105317,0.04561596394246394,0.007249605780198511
0.11461471559970741,0.04447880047421286,0.006869541213972976
0.11471127918888313,0.0433659705907209,0.006480520064819947
0.11480784277805886,0.042277220418685604,0.006085424984635934
0.11490440636723458,0.04121228614709378,0.005687100696885079
0.11500096995641029,0.04017089454810072,0.005288330739405628
0.11509753354558601,0.03915276349533784,0.004891814897055061
0.11519409713476172,0.03815760247918043,0.004500147481390633
0.11529066072393744,0.0371851131184984,0.0041157966393128055
0.11538722431311317,0.036234989668441464,0.003741084895267306
0.11548378790228889,0.03530691952379012,0.0033781711505432533
0.1155803514914646,0.03440058371743043,0.00302903437684483
0.11567691508064032,0.03351565741350057,0.0026954592481978653
0.11577347866981604,0.03265181039477393,0.0023790239541247407
0.11587004225899175,0.031808707543838015,0.0020810904269336697
0.11596660584816748,0.030986009317649985,0.0018027971963105395
0.1160631694373432,0.030183372215046488,0.0015450550549689333
0.11615973302651891,0.029400449236792643,0.0013085456801730467
0.11625629661569463,0.02863689033778195,0.0010937233082345028
0.11635286020487035,0.027892342870982648,0.0009008195037753072
0.11644942379404608,0.02716645202276238,0.0007298510043045406
0.11654598738322179,0.026458861239227423,0.0005806305554590433
0.11664255097239751,0.0257692126432147,0.000452780585400992
0.11673911456157322,0.025097147441614537,0.00034574950080955427
0.11683567815074894,0.024442306322698875,0.0002588303241523966
0.11693224173992466,0.023804329843155628,0.0001911813349067443
0.11702880532910039,0.023182858804543842,0.00014184832833075668
0.1171253689182761,0.022577534618916158,0.00010978806616044853
0.11722193250745182,0.021987999663355993,9.389246569241527e-05
0.11731849609662753,0.021413897623221018,9.301305809110141e-05
0.11741505968580325,0.020854873823885643,0.00010598524388468107
0.11751162327497897,0.020310575550817597,0.00013165188340718648
0.1176081868641547,0.019780652357834657,0.00016888578181820574
0.11770475045333041,0.019264756363411895,0.00021661066124580613
0.11780131404250613,0.018762542534947052,0.0002738202551293051
0.11789787763168184,0.018273668960901258,0.0003395952102758725
0.11799444122085756,0.0177977971107653,0.000413117538580522
0.11809100481003329,0.017334592082824455,0.0004936824207904593
0.118187568399209,0.016883722839723378,0.00058070722711371
0.11828413198838472,0.016444862431849356,0.0006737376819449814
0.11838069557756044,0.01601768820858218,0.0007724511607195175
0.11847725916673615,0.015601882017484848,0.0008766571643135723
0.11857382275591187,0.015197130391520304,0.000986295069125713
0.1186703863450876,0.014803124724418302,0.001101429297890292
0.11876694993426332,0.01441956143432265,0.0012222420965560285
0.11886351352343903,0.01404614211587884,0.00134902413563692
0.11896007711261475,0.013682573680940996,0.0014821631800097438
0.11905664070179046,0.013328568488084988,0.0016221310891403186
0.11915320429096618,0.012983844461152257,0.0017694694203612723
0.11924976788014191,0.012648125197039532,0.001924773911508666
0.11934633146931763,0.012321140062986537,0.0020886781165647076
0.11944289505849334,0.012002624283616172,0.0022618364597366838
0.11953945864766906,0.01169231901799137,0.0024449069605540713
0.11963602223684477,0.011389971426975775,0.0026385338661240676
0.1197325858260205,0.011095334731179508,0.0028433304077632275
0.11982914941519622,0.010808168259794396,0.003059861878934376
0.11992571300437194,0.010528237490616908,0.003288629210885516
0.12002227659354765,0.010255314081574146,0.00353005320262783
0.12011884018272337,0.009989175894061786,0.0037844595438238766
0.12021540377189908,0.009729607008415218,0.0040520647535133665
0.12031196736107481,0.00947639773183105,0.004332963144933166
0.12040853095025053,0.009229344599060206,0.004627114917278693
0.12050509453942625,0.008988250366188315,0.004934335469156809
0.12060165812860196,0.008752923997825889,0.0052542860254886975
0.12069822171777768,0.008523180648020488,0.005586465669276072
0.1207947853069534,0.008298841635202244,0.005930204871263173
0.12089134889612912,0.008079734411471865,0.006284660613252822
0.12098791248530484,0.007865692526531097,0.006648813203670518
0.12108447607448056,0.007656555586550666,0.00702146488584708
0.12118103966365627,0.00745216920826943,0.007401240339330995
0.12127760325283199,0.00725238496859846,0.007786589171352328
0.12137416684200772,0.007057060350010574,0.008175790488441158
0.12147073043118344,0.006866058681975439,0.00856695962649379
0.12156729402035915,0.006679249078698563,0.008958057100831954
0.12166385760953487,0.0064965063734089895,0.009346899815863537
0.12176042119871058,0.006317711049433033,0.009731174546995736
0.1218569847878863,0.006142749168280525,0.010108453675917638
0.12195354837706203,0.005971512294959344,0.010476213125051445
0.12205011196623775,0.005803897420724412,0.010831852398844261
0.12214667555541346,0.005639806883456131,0.011172716599890883
0.12224323914458918,0.0054791482858535115,0.011496120247962803
0.1223398027337649,0.005321834411615649,0.011799372691285991
0.12243636632294061,0.005167783139775489,0.012079804863221064
0.12253292991211634,0.005016917357338947,0.012334797105122402
0.12262949350129206,0.004869164870371476,0.012561807748655614
0.12272605709046777,0.004724458313666289,0.012758402129055511
0.12282262067964349,0.004582735059116402,0.012922281685282378
0.1229191842688192,0.004443937122901898,0.013051312793980968
0.12301574785799493,0.004308011071598752,0.013143554981540993
0.12311231144717065,0.004174907927301748,0.01319728816205641
0.12320887503634637,0.004044583071847507,0.013211038558009121
0.12330543862552208,0.003916996150215518,0.013183602974375371
0.1234020022146978,0.0037921109731745353,0.01311407111472458
0.12349856580387351,0.0036698954192374072,0.013001845648942688
0.12359512939304924,0.003550321335977806,0.012846659765681303
0.12369169298222496,0.0034333644407543926,0.012648591967852877
0.12378825657140068,0.003319004220885774,0.012408077895956863
0.12388482016057639,0.003207223833307854,0.01212591899142052
0.12398138374975211,0.0030980100037449783,0.011803287840350927
0.12407794733892782,0.002991352925416938,0.01144173006715589
0.12417451092810355,0.0028872461573027203,0.011043162677627687
0.12427107451727927,0.0027856865219738907,0.010609868782535288
0.12436763810645499,0.0026866740030113954,0.010144488665887188
0.1244642016956307,0.0025902116420118493,0.009650007197057268
0.12456076528480642,0.002496305435190607,0.009129737623094634
0.12465732887398215,0.0024049642295830833,0.00858730181678101
0.12475389246315786,0.0023161996188475094,0.00802660709716067
0.12485045605233358,0.0022300258386685696,0.007451819781952653
0.1249470196415093,0.002146459661760883,0.00686733567479378
0.125043583230685,0.002065520292473729,0.00627774773382749
0.12514014681986071,0.0019872292609937705,0.005687811210666553
0.12523671040903644,0.001911610317149035,0.00510240658910472
0.12533327399821217,0.0018386893238129776,0.004526500689857992
0.12542983758738788,0.0017684941499133786,0.003965106339934981
0.1255264011765636,0.0017010545630509722,0.0034232410318266377
0.1256229647657393,0.0016364021217354055,0.0029058850176496803
0.12571952835491504,0.0015745700672494729,0.0024179392959574886
0.12581609194409077,0.0015155932151559943,0.0019641839537215674
0.12591265553326647,0.0014595078464654694,0.0015492373228181055
0.1260092191224422,0.0014063515984867165,0.001177516399381939
0.1261057827116179,0.0013561633553876816,0.0008531989560325374
0.12620234630079363,0.0013089831384985168,0.0005801877518619895
0.12629890988996936,0.0012648519963938008,0.00036207721404070805
0.12639547347914507,0.001223811894797836,0.00020212292886288168
0.1264920370683208,0.0011859056063605392,0.00010321424000973853
0.1265886006574965,0.0011511766003609123,6.785020871504035e-05
0.12668516424667223,0.001119668932397691,9.811914526927938e-05
0.12678172783584793,0.001091427134137318,0.00019568187469544816
0.12687829142502366,0.0010664961031925687,0.00036175885212754886
0.1269748550141994,0.001044920993215408,0.0005971211959613554
0.1270714186033751,0.0010267471042916462,0.0009020856596496663
0.12716798219255082,0.001012019773734932,0.0012765135164139406
0.12726454578172652,0.0010007842673818762,0.0017198132854415516
0.12736110937090225,0.0009930856715000167,0.002230947183634069
0.12745767296007798,0.000988968785424708,0.002808441144011441
0.12755423654925369,0.0009884780150494093,0.003450398200920828
0.12765080013842942,0.0009916572673007301,0.004154515003786912
0.12774736372760512,0.0009985498457343118,0.00491810118599191
0.12784392731678085,0.0010091983473955863,0.00573810128439776
0.12794049090595658,0.0010236445610943717,0.006611118878925761
0.12803705449513228,0.0010419293672473725,0.007533442601486182
0.128133618084308,0.0010640926394484321,0.008501073650326603
0.1282301816734837,0.0010901731479299084,0.009509754440409178
0.12832674526265944,0.0011202084650830623,0.010554998023463092
0.12842330885183514,0.0011542348732079676,0.01163211792326226
0.12851987244101087,0.001192287274666835,0.012736258052656298
0.1286164360301866,0.0012343991046152194,0.013862422408577208
0.1287129996193623,0.001280602246487784,0.015005504279088649
0.12880956320853804,0.0013309269504154604,0.01616031474131811
0.12890612679771374,0.0013854017547486244,0.017321610279403092
0.12900269038688947,0.0014440534108617483,0.01848411940545116
0.1290992539760652,0.0015069068114108542,0.01964256822178516
0.1291958175652409,0.0015739849222114854,0.020791704917082002
0.12929238115441663,0.0016453087179022546,0.021926323239890706
0.12938894474359233,0.0017208971215511713,0.02304128503803225
0.12948550833276806,0.001800766948357192,0.02413154198925285
0.1295820719219438,0.0018849328535911474,0.02519215667519391
0.1296786355111195,0.0019734072849116016,0.026218323165714007
0.12977519910029522,0.0020662004391819866,0.02720538728266783
0.12987176268947093,0.0021633202239039174,0.028148866700958876
0.12996832627864666,0.0022647722233707884,0.02904447102008677
0.13006488986782236,0.002370559669632021,0.029888121902252936
0.1301614534569981,0.0024806834183467704,0.030675973324813328
0.13025801704617382,0.002595141929587567,0.03140443193739625
0.13035458063534952,0.0027139312536445916,0.03207017744995119
0.13045114422452525,0.0028370450218584533,0.03267018291027421
0.13054770781370095,0.0029644744424985017,0.0332017346614789
0.13064427140287668,0.0030962083016837596,0.03366245170490867
0.1307408349920524,0.00323223296932132,0.034050304135519564
0.13083739858122811,0.0033725324100287992,0.03436363026814461
0.13093396217040384,0.003517088198975971,0.03460115203718558
0.13103052575957955,0.003665879542570729,0.03476198823161083
0.13112708934875528,0.003818883303891285,0.03484566512353173
0.131223652937931,0.003976074032746559,0.0348521240630962
0.1313202165271067,0.004137424000227978,0.034781725645292756
0.13141678011628244,0.004302903237597491,0.0346352501048949
0.13151334370545814,0.004472479579335294,0.03441389366280758
0.13160990729463387,0.004646118710153381,0.03411926062833831
0.13170647088380957,0.004823784215761467,0.033753351154610804
0.1318030344729853,0.005005437637158096,0.03331854464512761
0.13189959806216103,0.005191038528195079,0.03281757891472788
0.13199616165133674,0.00538054451615557,0.03225352531402258
0.13209272524051247,0.00557391136506625,0.0316297601290429
0.13218928882968817,0.005771093041449761,0.030949932663670448
0.1322858524188639,0.005972041782214046,0.03021793049816307
0.13238241600803963,0.006176708164359371,0.029437842489972478
0.13247897959721533,0.006385041176176432,0.02861392014077665
0.13257554318639106,0.00659698828959945,0.027750537994648484
0.13267210677556676,0.006812495533368699,0.026852153755489272
0.1327686703647425,0.007031507566656118,0.025923268816898486
0.13286523395391822,0.007253967752796956,0.024968389884714115
0.13296179754309392,0.0074798182327724845,0.023991992342169734
0.13305836113226965,0.007708999998088709,0.0229984859611463
0.13315492472144536,0.007941452962692604,0.021992183501813586
0.13325148831062109,0.008177116033573986,0.020977272668803438
0.1333480518997968,0.008415927179705941,0.019957791807043764
0.13344461548897252,0.008657823498979898,0.018937609626601952
0.13354117907814825,0.00890274128280334,0.017920409145790604
0.13363774266732395,0.009150616078034465,0.016909675937751143
0.13373430625649968,0.009401382745945984,0.01590869066035174
0.13383086984567538,0.009654975517911831,0.014920525745041978
0.1339274334348511,0.009911328047543008,0.013948046019923678
0.13402399702402684,0.010170373458995456,0.012993912948294037
0.13412056061320254,0.010432044391209053,0.012060592078734002
0.13421712420237827,0.010696273037842352,0.01115036322883289
0.13431368779155398,0.010962991182697257,0.010265332863961607
0.1344102513807297,0.011232130230446516,0.009407448086925714
0.13450681496990544,0.011503621232497532,0.008578511625355703
0.13460337855908114,0.011777394907857586,0.00778019719225732
0.13469994214825687,0.012053381658881647,0.007014064601811466
0.13479650573743257,0.012331511581814936,0.006281574047177241
0.1348930693266083,0.012611714472071137,0.005584098989084287
0.134989632915784,0.012893919824206177,0.004922937162244108
0.13508619650495973,0.013178056826582914,0.004299319279247993
0.13518276009413546,0.0134640543507459,0.0037144150964886027
0.13527932368331116,0.01375184093555296,0.003169336601063426
0.1353758872724869,0.014041344766141427,0.0026651381786658543
0.1354724508616626,0.014332493647829146,0.0022028137269807686
0.13556901445083833,0.014625214975083898,0.0017832907838362076
0.13566557804001406,0.01491943569571712,0.0014074218411099526
0.13576214162918976,0.015215082270487231,0.001075973111034164
0.1358587052183655,0.01551208062832301,0.000789611098240318
0.1359552688075412,0.01581035611740036,0.0005488874060606596
0.13605183239671692,0.016109833452337886,0.00035422226706851456
0.13614839598589265,0.016410436657784317,0.0002058873338580482
0.13624495957506835,0.01671208900871288,0.000103988295338192
0.13634152316424408,0.017014712967743907,4.844789558932178e-05
0.13643808675341978,0.01731823011983847,3.8989926346147714e-05
0.13653465034259551,0.017622561104733418,7.512474071648593e-05
0.13663121393177122,0.01792762554748998,0.00015613679564368817
0.13672777752094695,0.018233341987559288,0.00028107467520823923
0.13682434111012268,0.018539627806764564,0.00044874397798011967
0.13692090469929838,0.018846399156627842,0.0006577033715692653
0.1370174682884741,0.019153570885464138,0.0009062640289674991
0.1371140318776498,0.01946105646568639,0.0011924925672388864
0.13721059546682554,0.019768767921759734,0.0015142175128409568
0.13730715905600127,0.020076615759252844,0.001869039222684438
0.13740372264517697,0.020384508895440308,0.002254343099310102
0.1375002862343527,0.020692354591899238,0.0026673158554476046
0.1375968498235284,0.021000058389548232,0.003104964510614314
0.13769341341270414,0.02130752404657496,0.003564137742778653
0.13778997700187987,0.021614653479685896,0.004041549173346394
0.13788654059105557,0.021921346709104356,0.0045338021351154605
0.1379831041802313,0.02222750180774208,0.0050374154609288254
0.138079667769407,0.02253301485494188,0.005548849835338722
0.13817623135858273,0.02283777989519022,0.00606453427177844
0.13827279494775843,0.023141688902170988,0.006580892311880145
0.13836935853693416,0.023444631748520656,0.0070943675895010945
0.1384659221261099,0.023746496181623746,0.007601448457009963
0.1385624857152856,0.02404716780576496,0.008098691432449628
0.13865904930446132,0.024346530070935724,0.008582743290098269
0.13875561289363703,0.024644464268561005,0.009050361680521377
0.13885217648281276,0.024940849534397583,0.00949843422638779
0.13894874007198849,0.02523556285881841,0.009923996094344184
0.1390453036611642,0.02552847910467491,0.010324246088821466
0.13914186725033992,0.02581947103290182,0.010696561348989336
0.13923843083951562,0.026108409335991997,0.011038510754003694
0.13933499442869135,0.026395162679449552,0.011347867153684823
0.13943155801786708,0.02667959775128564,0.011622618541924675
0.13952812160704278,0.026961579319605494,0.011860978279176359
0.1396246851962185,0.02724097029828406,0.012061394449595506
0.13972124878539421,0.027517631820718386,0.012222558409547678
0.13981781237456994,0.02779142332159421,0.01234341254935546
0.13991437596374565,0.02806220262658011,0.012423157251707413
0.14001093955292138,0.028329826049838584,0.012461256990555612
0.1401075031420971,0.02859414849919781,0.012457445476069326
0.1402040667312728,0.02885502358881164,0.012411729716617545
0.14030063032044854,0.029112303759096837,0.01232439283993492
0.14039719390962424,0.029365840403715884,0.01219599549434712
0.14049375749879997,0.029615484003338438,0.012027375638542705
0.1405903210879757,0.029861084265898286,0.011819646525788548
0.1406868846771514,0.030102490273026788,0.01157419269609014
0.14078344826632713,0.03033955063233182,0.011292663807531371
0.14088001185550283,0.03057211363516101,0.010976966165350247
0.14097657544467856,0.030800027419472322,0.010629251843250583
0.1410731390338543,0.031023140137417603,0.01025190533471654
0.14116970262303,0.031241300127222555,0.009847527721077757
0.14126626621220573,0.03145435608894097,0.00941891839598091
0.14136282980138143,0.03166215726363758,0.008969054440844344
0.14145939339055716,0.03186455361555613,0.008501067800854946
0.14155595697973286,0.03206139601680428,0.008018220464218274
0.1416525205689086,0.03225253643409795,0.0075238778968813895
0.14174908415808432,0.03243782811708863,0.00702148102919683
0.14184564774726002,0.032617125787800835,0.006514517128546771
0.14194221133643575,0.03279028583070768,0.006006489921636549
0.14203877492561146,0.032957166482968904,0.005500889351084081
0.14213533851478719,0.033117628024361,0.005001161362453945
0.14223190210396291,0.03327153296643639,0.004510678119706543
0.14232846569313862,0.03341874624045231,0.004032709039132223
0.14242502928231435,0.03355913538361819,0.0035703930145305493
0.14252159287149005,0.03369257072322443,0.0031267121802519074
0.14261815646066578,0.033818925558223974,0.002704467524652503
0.14271472004984148,0.03393807633784957,0.0023062566256865694
0.1428112836390172,0.03404990283687384,0.001934453734151495
0.1429078472281929,0.03415428832712043,0.001591192380167944
0.14300441081736864,0.03425111974486641,0.0012783506265322954
0.14310097440654437,0.034340287853786934,0.000997539040523146
0.14319753799572008,0.03442168740311112,0.0007500914054193328
0.1432941015848958,0.03449521728068428,0.0005370581462293439
0.1433906651740715,0.03456078066064969,0.0003592024025892458
0.14348722876324724,0.03461828514548474,0.0002169986468983377
0.14358379235242297,0.03466764290214703,0.00011063371864767235
0.14368035594159867,0.03470877079211509,4.0010127279390394e-05
0.1437769195307744,0.03474159049512491,4.75146610702455e-06
0.1438734831199501,0.034766028626430794,4.20977864887881e-06
0.14397004670912583,0.03478201684744018,3.747472553687997e-05
0.14406661029830156,0.034789491969600926,0.0001033844138607837
0.14416317388747726,0.03478839605143545,0.00020053776987914403
0.144259737476653,0.03477867648864762,0.0003273083586240497
0.1443563010658287,0.03476028609724806,0.00048185957795013334
0.14445286465500443,0.03473318318966289,0.0006621611778061297
0.14454942824418013,0.03469733164382407,0.0008660070756983059
0.14464599183335586,0.03465270096524976,0.0010910344543662972
0.1447425554225316,0.03459926634215554,0.0013347441357368412
0.1448391190117073,0.03453700869365046,0.0015945222247786934
0.14493568260088302,0.03446591471109679,0.0018676630069360623
0.14503224619005872,0.034385976892733205,0.002151393062919395
0.14512880977923445,0.03429719357167725,0.0024428965349386667
0.14522537336841018,0.0341995689374414,0.0027393414397566098
0.14532193695758588,0.03409311305111978,0.003037906877633433
0.14541850054676161,0.03397784185441205,0.0033358109342825873
0.14551506413593732,0.033853777172673134,0.0036303390178160705
0.14561162772511305,0.03372094671218661,0.003918872317129791
0.14570819131428878,0.033579384051879886,0.004198916015272707
0.14580475490346448,0.03342912862970576,0.004468126844157832
0.1459013184926402,0.033270225723931596,0.0047243395284505075
0.1459978820818159,0.03310272642958559,0.004965591639307748
0.14609444567099164,0.03292668763031866,0.005190146365096826
0.14619100926016734,0.03274217196595408,0.005396512707984076
0.14628757284934307,0.03254924779599504,0.005583462633401494
0.1463841364385188,0.03234798915937735,0.005750044734185357
0.1464807000276945,0.03213847573074997,0.005895594022247061
0.14657726361687023,0.03192079277357705,0.006019737526840066
0.14667382720604594,0.031695031090352876,0.006122395458081286
0.14677039079522167,0.03146128697022602,0.0062037777850409755
0.1468669543843974,0.03121966213432564,0.006264376176650232
0.1469635179735731,0.030970263679085622,0.006304951357850513
0.14706008156274883,0.030713204017855267,0.006326516039522091
0.14715664515192453,0.030448600821088554,0.006330313685530182
0.14725320874110026,0.030176576955388276,0.006317793480444697
0.147349772330276,0.029897260421687957,0.0062905819541133
0.1474463359194517,0.029610784292835497,0.006250451801475842
0.14754289950862742,0.029317286650842152,0.006199288505363341
0.14763946309780313,0.029016910524045276,0.006139055424443812
0.14773602668697886,0.028709803824422807,0.00607175804629982
0.14783259027615456,0.028396119285290775,0.005999408125638793
0.1479291538653303,0.028076014399589073,0.005923988429129903
0.14802571745450602,0.02774965135896171,0.005847418791070923
0.14812228104368172,0.02741719699380555,0.005771524148325183
0.14821884463285745,0.027078822714460184,0.005698005169515911
0.14831540822203315,0.026734704453679106,0.005628412023700314
0.14841197181120888,0.026385022610514744,0.005564121749540431
0.1485085354003846,0.026029961995721353,0.005506319589749316
0.1486050989895603,0.02566971177876629,0.00545598455020473
0.14870166257873604,0.025304465436509452,0.005413879331849518
0.14879822616791175,0.02493442070359766,0.005380544669946395
0.14889478975708748,0.024559779524591728,0.005356298003172036
0.1489913533462632,0.024180748007820024,0.005341236288244096
0.1490879169354389,0.02379753638093127,0.005335242677931347
0.14918448052461464,0.023410358948091386,0.0053379966947925805
0.14928104411379034,0.023019434048748774,0.005348987462715427
0.14937760770296607,0.022624984017858434,0.005367529505584746
0.14947417129214177,0.022227235147443205,0.005392780588747296
0.1495707348813175,0.021826417649331138,0.00542376106507971
0.14966729847049323,0.02142276561889373,0.005459374193283052
0.14976386205966893,0.02101651699957927,0.005498426920506407
0.14986042564884466,0.020607913548012793,0.0055396506627716155
0.14995698923802037,0.020197200799412413,0.005581721672394484
0.1500535528271961,0.01978462803304053,0.005623280648630225
0.15015011641637183,0.019370448237401455,0.005662951322603374
0.15024668000554753,0.01895491807485644,0.005699357826500153
0.15034324359472326,0.018538297845321877,0.005731140736232654
0.15043980718389896,0.018120851448691893,0.005756971752671875
0.1505363707730747,0.01770284634560408,0.005775567055736021
0.15063293436225042,0.017284553516159998,0.005785699425177513
0.15072949795142612,0.0168662474161879,0.005786209269437161
0.15082606154060185,0.016448205930630518,0.005776014737709862
0.15092262512977755,0.016030710323619506,0.005754121109275154
0.15101918871895328,0.015614045184798957,0.00571962965789264
0.151115752308129,0.01519849837144683,0.005671746177966429
0.15121231589730472,0.014784360945935285,0.005609789334285651
0.15130887948648045,0.014371927108077973,0.005533198960112188
0.15140544307565615,0.013961494121898876,0.005441544381355433
0.15150200666483188,0.013553362236367801,0.0053345327901712794
0.15159857025400758,0.01314783459964896,0.005212017632438136
0.1516951338431833,0.01274521716641342,0.0050740069132598365
0.15179169743235904,0.012345818597777669,0.004920671266036771
0.15188826102153474,0.01194995015344224,0.004752351576714818
0.15198482461071047,0.01155792557561514,0.0045695659083065075
0.15208138819988617,0.011170060964327275,0.004373015434099709
0.1521779517890619,0.010786674643759852,0.0041635890630221245
0.15227451537823763,0.010408087019231788,0.003942366428843097
0.15237107896741334,0.010034620424515747,0.003710618917085056
0.15246764255658907,0.009666598959178537,0.0034698084199086816
0.15256420614576477,0.009304348315676657,0.0032215835394928407
0.1526607697349405,0.008948195595959932,0.002967773003654698
0.1527573333241162,0.00859846911738144,0.0027103761122802238
0.15285389691329193,0.0082554982077413,0.002451550097793127
0.15295046050246766,0.0079196129893318,0.0021935943552791187
0.15304702409164336,0.0075911441518953845,0.0019389315756932893
0.1531435876808191,0.007270422714446971,0.0016900858963422893
0.1532401512699948,0.006957779775957399,0.0014496582640252463
0.15333671485917053,0.006653546254938311,0.0012202992853246732
0.15343327844834626,0.00635805261802399,0.0010046799131182061
0.15352984203752196,0.0060716285976840515,0.0008054603861204041
0.1536264056266977,0.005794602899256332,0.000625257897027779
0.1537229692158734,0.00552730289754313,0.00046661351272627024
0.15381953280504912,0.005270054323254556,0.0003319589053806165
0.15391609639422485,0.005023180939646674,0.0002235834747665783
0.15401265998340055,0.0047870042097428,0.000143602448961085
0.15410922357257628,0.004561842954585334,9.392654196685752e-05
0.15420578716175198,0.0043480130030127614,7.623372293850141e-05
0.1543023507509277,0.004145826833506108,9.194361284333543e-05
0.15439891434010342,0.003955593208701949,0.00014219497158862566
0.15449547792927915,0.0037776168032135986,0.0002278266733672652
0.15459204151845488,0.003612197825450417,0.000349362492205793
0.15468860510763058,0.003459631634170244,0.0005069999358899159
0.1547851686968063,0.003320208350541093,0.0007006032774068124
0.154881732285982,0.003194212466532129,0.0009297008418594506
0.15497829587515774,0.0030819224504867997,0.0011934865166811862
0.15507485946433347,0.0029836103507715765,0.0014908253670760496
0.15517142305350917,0.0028995413984226354,0.0018202631599303716
0.1552679866426849,0.002829973609741006,0.0021800395306075214
0.1553645502318606,0.002775157389816143,0.002568104470216027
0.15546111382103633,0.0027353351379737372,0.002982137767666965
0.15555767741021206,0.002710740856166573,0.0034195710119637353
0.15565424099938777,0.0027015997613382696,0.0038776117458350066
0.1557508045885635,0.002708127902798,0.004353269361430769
0.1558473681777392,0.0027305317856540306,0.004843382341084985
0.15594393176691493,0.002769008001348977,0.005344646469276912
0.15604049535609066,0.0028237428663403326,0.005853643673576589
0.15613705894526636,0.002894912069959379,0.006366871189961707
0.1562336225344421,0.0029826803324693478,0.006880770788669699
0.1563301861236178,0.0030872010743253925,0.007391757838008925
0.15642674971279352,0.0032086160976190687,0.007896250022755971
0.15652331330196922,0.003347055280660462,0.008390695568687375
0.15661987689114495,0.0035026362866234693,0.008871600853716603
0.15671644048032068,0.003675464287141499,0.009335557307729675
0.1568130040694964,0.003865631701703927,0.009779267516929278
0.15690956765867212,0.0040732179536600455,0.010199570454171237
0.15700613124784782,0.004298289243587675,0.010593465754918431
0.15710269483702355,0.004540898340737877,0.010958136949996549
0.15719925842619928,0.004801084393207018,0.011290973552706226
0.15729582201537498,0.005078872757437794,0.011589591880732173
0.1573923856045507,0.005374274847583476,0.01185185447455077
0.1574889491937264,0.005687288005213159,0.012075887955650524
0.15758551278290214,0.006017895389770901,0.012260099151706783
0.15768207637207787,0.0063660658901298454,0.01240318930360663
0.15777863996125358,0.006731754057524047,0.012504166162354844
0.1578752035504293,0.007114900060063975,0.01256235378349397
0.157971767139605,0.0075154296589770055,0.012577399833441713
0.15806833072878074,0.007933254206641862,0.012549280236400858
0.15816489431795644,0.008368270666417356,0.012478301012090605
0.15826145790713217,0.008820361654198078,0.01236509718302478
0.1583580214963079,0.009289395501555726,0.012210628664604815
0.1584545850854836,0.009775226340261008,0.012016173090830478
0.15855114867465933,0.01027769420791859,0.011783315571745568
0.15864771226383503,0.010796625174370623,0.011513935424446736
0.15874427585301076,0.011331831488476916,0.01121018996624243
0.1588408394421865,0.011883111744807596,0.010874495504984084
0.1589374030313622,0.012450251069733747,0.01050950570645905
0.15903396662053793,0.013033021326344136,0.01011808756087295
0.15913053020971363,0.013631181337563997,0.009703295208870718
0.15922709379888936,0.014244477126805778,0.00926834192139541
0.1593236573880651,0.014872642175434356,0.008816570556280972
0.1594202209772408,0.015515397696290468,0.008351422837274204
0.15951678456641652,0.01617245292247997,0.007876407817784852
0.15961334815559222,0.01684350541059725,0.007395069901814831
0.15970991174476795,0.01752824135753035,0.0069109567980637325
0.15980647533394365,0.018226335929964334,0.006427587780164783
0.15990303892311938,0.018937453605679583,0.005948422616464405
0.1599996025122951,0.01966124852572828,0.005476831516999555
0.16009616610147082,0.02039736485655412,0.00501606642372848
0.16019272969064655,0.021145437161114524,0.004569233943205704
0.16028929327982225,0.021905090778064067,0.004139270189440532
0.16038585686899798,0.02267594220804824,0.003728917769502579
0.1604824204581737,0.023457599506165546,0.0033407051065295784
0.1605789840473494,0.024249662679664188,0.0029769282552044017
0.16067554763652514,0.025051724089949212,0.002639635324701738
0.16077211122570084,0.025863368857977596,0.00233061358469097
0.16086867481487657,0.026684175272162176,0.0020513792923752927
0.1609652384040523,0.027513715197897207,0.0018031702437853437
0.161061801993228,0.028351554487855153,0.001586941021493804
0.16115836558240373,0.029197253392237256,0.0014033608842490281
0.16125492917157944,0.030050366968165557,0.0012528142221504904
0.16135149276075517,0.03091044548745565,0.0011354034840098822
0.16144805634993087,0.03177703484203458,0.0010509544713067337
0.1615446199391066,0.032649676946295454,0.0009990238851637937
0.16164118352828233,0.03352791013572403,0.0009789090083262102
0.16173774711745803,0.03441126956116813,0.000989659402273569
0.16183431070663376,0.035299287578154495,0.0010300904992583968
0.16193087429580946,0.03619149413069439,0.0010987989690672952
0.1620274378849852,0.03708741712907432,0.001194179739529393
0.16212400147416092,0.03798658282114135,0.001314444547186709
0.16222056506333662,0.03888851615666015,0.0014576418892615372
0.16231712865251235,0.039792741144339776,0.0016216782394904978
0.16241369224168806,0.040698781201175746,0.0018043403782596777
0.1625102558308638,0.04160615949379225,0.0020033186718306025
0.16260681942003952,0.04251439927150999,0.0022162311166903227
0.16270338300921522,0.04342302419090197,0.0024406479439466875
0.16279994659839095,0.04433155863163583,0.0026741165562784042
0.16289651018756665,0.045239528003443844,0.0029141865475234155
0.16299307377674238,0.04614645904409737,0.0031584345340135507
0.16308963736591808,0.04705188010829045,0.003404488508761345
0.1631862009550938,0.047955321447386255,0.0036500514160761046
0.16328276454426954,0.048856315479994424,0.003892923636498913
0.16337932813344525,0.04975439705339948,0.004131024071259737
0.16347589172262098,0.05064910369587901,0.004362409522624062
0.16357245531179668,0.05153997585997324,0.0045852920820124874
0.1636690189009724,0.05242655715682077,0.004798054261780243
0.16376558249014814,0.05330839458167188,0.004999261638723327
0.16386214607932384,0.05418503873073594,0.005187672817084465
0.16395870966849957,0.055056044009536016,0.005362246565062686
0.16405527325767527,0.055920968832968966,0.00552214603025172
0.164151836846851,0.056779375817283574,0.005666739994556848
0.16424840043602673,0.0576308319642153,0.0057956011862727525
0.16434496402520243,0.05847490883753473,0.0059085017244322425
0.16444152761437816,0.059311182732275064,0.006005405826536939
0.16453809120355387,0.06013923483692666,0.006086459963702527
0.1646346547927296,0.06095865138889644,0.00615198069563356
0.1647312183819053,0.06176902382354223,0.006202440460326698
0.16482778197108103,0.06256994891710715,0.0062384516289323635
0.16492434556025676,0.06336102892387531,0.006260749163904287
0.16502090914943246,0.06414187170789595,0.006270172237835365
0.1651174727386082,0.06491209086961733,0.006267645180873247
0.1652140363277839,0.06567130586777509,0.00625415812619907
0.16531059991695962,0.06641914213689391,0.006230747715917713
0.16540716350613535,0.06715523120075709,0.006198478214167694
0.16550372709531105,0.06787921078219565,0.0061584233509419375
0.16560029068448678,0.06859072490955684,0.0061116491898001455
0.16569685427366249,0.06928942402020889,0.006059198276299825
0.16579341786283822,0.06997496506142763,0.006002075282783894
0.16588998145201395,0.07064701158901453,0.005941234320349274
0.16598654504118965,0.07130523386399268,0.005877568041839526
0.16608310863036538,0.07194930894771508,0.005811898611946913
0.16617967221954108,0.07257892079570416,0.0057449705735008825
0.1662762358087168,0.07319376035055747,0.005677445594146858
0.1663727993978925,0.07379352563421683,0.005609899036262905
0.16646936298706824,0.07437792183990095,0.005542818256297308
0.16656592657624397,0.0749466614239911,0.0054766025087618865
0.16666249016541967,0.07549946419813391,0.005411564305618853
0.1667590537545954,0.07603605742182633,0.005347932064264048
0.1668556173437711,0.07655617589571465,0.0052858538669011985
0.16695218093294684,0.07705956205583904,0.005225402150700698
0.16704874452212257,0.07754596606902318,0.0051665791513403605
0.16714530811129827,0.07801514592959839,0.005109322931618129
0.167241871700474,0.0784668675576267,0.005053513840904198
0.1673384352896497,0.07890090489876656,0.004998981269145376
0.16743499887882543,0.07931704002590784,0.004945510579723441
0.16753156246800116,0.07971506324266518,0.004892850127409246
0.16762812605717686,0.0800947731888178,0.004840718289668485
0.1677246896463526,0.0804559769477367,0.004788810460460206
0.1678212532355283,0.08079849015581941,0.0047368059743377825
0.16791781682470402,0.081122137113946,0.004684374944224744
0.16801438041387973,0.08142675090090692,0.004631185008007499
0.16811094400305546,0.08171217348876063,0.004576907986629357
0.1682075075922312,0.08197825586002552,0.004521226459501777
0.1683040711814069,0.08222485812659722,0.004463840261850142
0.16840063477058262,0.08245184965024595,0.004404472903391032
0.16849719835975832,0.08265910916451956,0.004342877899047046
0.16859376194893405,0.08284652489785098,0.004278844990951538
0.16869032553810978,0.08301399469764158,0.0042122062276433786
0.16878688912728548,0.08316142615505141,0.004142841852054666
0.1688834527164612,0.08328873673021496,0.004070685935638532
0.16898001630563692,0.0833958538775546,0.003995731682739134
0.16907657989481265,0.08348271517085111,0.0039180363179947345
0.16917314348398838,0.08354926842769081,0.003837725460970904
0.16926970707316408,0.08359547183288782,0.0037549968870057983
0.1693662706623398,0.08362129406045392,0.0036701235718762785
0.1694628342515155,0.08362671439366072,0.003583455920646046
0.16955939784069124,0.08361172284271547,0.003495423087988622
0.16965596142986694,0.08357632025955003,0.003406533308269139
0.16975252501904267,0.08352051844920104,0.003317373168385222
0.1698490886082184,0.08344434027724161,0.0032286057743212714
0.1699456521973941,0.08334781977269738,0.003140967782928145
0.17004221578656983,0.08323100222588405,0.003055265292869084
0.17013877937574554,0.08309394428056223,0.002972368612167937
0.17023534296492127,0.08293671401982111,0.002893205943523317
0.170331906554097,0.08275939104507089,0.0028187560516903525
0.1704284701432727,0.08256206654753634,0.002750039998982749
0.17052503373244843,0.08234484337161493,0.002688112054619155
0.17062159732162413,0.08210783606949591,0.0026340499005776848
0.17071816091079986,0.0818511709463979,0.002588944270366828
0.1708147244999756,0.0815749860958215,0.002553888167260299
0.1709112880891513,0.08127943142419825,0.0025299658148857347
0.17100785167832702,0.08096466866433669,0.0025182414954871436
0.17110441526750272,0.0806308713770787,0.0025197484297890395
0.17120097885667845,0.08027822494059111,0.0025354778473644125
0.17129754244585416,0.07990692652674132,0.0025663683880975665
0.1713941060350299,0.07951718506403059,0.002613295964179473
0.17149066962420562,0.07910922118657339,0.0026770641986462317
0.17158723321338132,0.07868326716865386,0.002758395541376406
0.17168379680255705,0.07823956684441324,0.0028579231473954713
0.17178036039173275,0.07777837551225698,0.002976183585963864
0.17187692398090848,0.07729995982361397,0.003113610432944196
0.1719734875700842,0.07680459765571725,0.003270528783955112
0.1720700511592599,0.07629257796811588,0.003447150712381434
0.17216661474843564,0.07576420064267672,0.003643571684844279
0.17226317833761134,0.07521977630688872,0.0038597679375319475
0.17235974192678707,0.07465962614031708,0.004095594809995103
0.1724563055159628,0.07408408166412336,0.00435078602858148
0.1725528691051385,0.07349348451361423,0.0046249539294420765
0.17264943269431424,0.0728881861938332,0.004917590610610744
0.17274599628348994,0.07226854781827981,0.005228070003574897
0.17284255987266567,0.07163493983087785,0.00555565085638558
0.17293912346184137,0.07098774171140215,0.005899480622042908
0.1730356870510171,0.07032734166459718,0.006258600246923075
0.17313225064019283,0.06965413629331325,0.006631949853673634
0.17322881422936853,0.06896853025602498,0.007018375310696595
0.17332537781854426,0.06827093590916226,0.007416635675504489
0.17342194140771997,0.06756177293474096,0.007825411491527321
0.1735185049968957,0.06684146795383974,0.008243313907183802
0.17361506858607142,0.066110454126523,0.008668894572227892
0.17371163217524713,0.06536917073886381,0.009100656249810758
0.17380819576442286,0.06461806277777415,0.009537064063841048
0.17390475935359856,0.0638575804944019,0.009976557280772892
0.1740013229427743,0.06308817895689364,0.010417561503795848
0.17409788653195002,0.062310317593374666,0.010858501136554791
0.17419445012112572,0.061524459726040544,0.011297811954123917
0.17429101371030145,0.06073107209728034,0.011733953602127976
0.17438757729947715,0.059930624388802145,0.012165421831771816
0.17448414088865288,0.05912358873474951,0.012590760270122923
0.17458070447782859,0.05831043922983817,0.013008571522110886
0.17467726806700432,0.05749165143354441,0.013417527404052266
0.17477383165618005,0.056667701871421707,0.013816378118363531
0.17487039524535575,0.055839067534615434,0.014203960195655159
0.17496695883453148,0.05500622537866343,0.014579203053302302
0.17506352242370718,0.054169651822681804,0.014941134048357953
0.1751600860128829,0.053329822250022564,0.015288881936513125
0.17525664960205864,0.05248721051149965,0.015621678686609646
0.17535321319123434,0.05164228843226839,0.015938859640765152
0.17544977678041007,0.05079552532342314,0.01623986205204301
0.17554634036958577,0.04994738749937735,0.016524222073350737
0.1756429039587615,0.04909833780205022,0.016791570311392945
0.17573946754793723,0.04824883513288235,0.017041626096625007
0.17583603113711294,0.04739933399364897,0.01727419065298355
0.17593259472628867,0.046550284037025914,0.017489139378532463
0.17602915831546437,0.04570212962782715,0.017686413469230586
0.1761257219046401,0.04485530941577005,0.017866011132054715
0.1762222854938158,0.04401025592062048,0.018027978640359668
0.17631884908299153,0.043167395130487514,0.018172401483467576
0.17641541267216726,0.042327146114014176,0.01829939585418076
0.17651197626134296,0.04148992064715106,0.01840910070264925
0.1766085398505187,0.04065612285514362,0.018501670563328115
0.1767051034396944,0.039826148870324804,0.018577269334582043
0.17680166702887012,0.039000386506226926,0.018636065158705813
0.17689823061804585,0.038179214948493856,0.018678226514965677
0.17699479420722156,0.03736300446299858,0.01870391960086395
0.1770913577963973,0.03655211612152495,0.018713307038490553
0.177187921385573,0.03574690154530567,0.018706547904776466
0.17728448497474872,0.03494770266665875,0.018683799047904185
0.17738104856392445,0.034154851508899534,0.018645217618185897
0.17747761215310015,0.03336866998465359,0.018590964711330937
0.17757417574227588,0.03258946971263086,0.01852120999602354
0.17767073933145158,0.031817551852881897,0.01843613717671316
0.1777673029206273,0.031053206960482478,0.01833595012687991
0.17786386650980301,0.030296714857557965,0.01822087951796715
0.17796043009897874,0.02954834452349693,0.01809118976460805
0.17805699368815447,0.02880835400316008,0.017947186107460624
0.17815355727733018,0.028076990332842937,0.017789221660473163
0.1782501208665059,0.027354489483703344,0.017617704259099733
0.1783466844556816,0.026641076322328802,0.017433102959156045
0.17844324804485734,0.025936964588068902,0.017235954051828643
0.17853981163403307,0.025242356886739106,0.01702686647795662
0.17863637522320877,0.02455744470024135,0.01680652654323192
0.1787329388123845,0.02388240841164347,0.01657570185462265
0.1788295024015602,0.023217417345215634,0.016335244416314138
0.17892606599073593,0.022562629820890776,0.016086092840223748
0.17902262957991166,0.02191819322261201,0.015829273641108563
0.17911919316908737,0.021284244079993877,0.015565901599150864
0.1792157567582631,0.020660908162709588,0.015297179183433245
0.1793123203474388,0.02004830058701452,0.015024395037894933
0.17940888393661453,0.019446525933782433,0.014748921537255688
0.17950544752579023,0.018855678377447317,0.014472211424252935
0.17960201111496596,0.01827584182521465,0.014195793541707212
0.1796985747041417,0.017707090065921836,0.013921267673794351
0.1797951382933174,0.017149486927908814,0.013650298510981028
0.17989170188249312,0.016603086445275514,0.013384608752866256
0.17998826547166882,0.016067933031901085,0.013125971363160401
0.18008482906084455,0.015544061662596179,0.012876200991737315
0.18018139265002028,0.015031498060789529,0.012637144580523788
0.18027795623919599,0.014530258892134537,0.012410671173324672
0.18037451982837172,0.014040351963449582,0.012198660954765825
0.18047108341754742,0.013561776426415716,0.012002993550577006
0.18056764700672315,0.013094522985464178,0.011825535630425345
0.18066421059589888,0.012638574109309849,0.011668127865444125
0.18076077418507458,0.012193904245598063,0.01153257130523194
0.1808573377742503,0.01176048003815509,0.01142061325315581
0.180953901363426,0.01133826054634953,0.011333932733856503
0.18105046495260174,0.010927197466091765,0.011274125662412192
0.18114702854177744,0.010527235352021758,0.011242689840092345
0.18124359213095317,0.01013831184045528,0.011241009916402107
0.1813401557201289,0.00976035787268444,0.011270342470502022
0.1814367193093046,0.00939329791824145,0.011331801376443825
0.18153328289848034,0.00903705019777003,0.01142634362535678
0.18162984648765604,0.008691526905166804,0.011554755783197729
0.18172641007683177,0.008356634428667133,0.011717641264469131
0.1818229736660075,0.008032273570595503,0.011915408600088393
0.1819195372551832,0.007718339765500954,0.012148260871168945
0.18201610084435893,0.007414723296432959,0.012416186469848595
0.18211266443353463,0.007121309509133905,0.01271895133364011
0.18220922802271036,0.006837979023942729,0.013056092781479721
0.1823057916118861,0.006564607945227219,0.013426915058231837
0.1824023552010618,0.006301068068184811,0.013830486670632157
0.18249891879023752,0.006047227082869645,0.014265639572331491
0.18259548237941323,0.005802948775324138,0.014730970229833398
0.18269204596858896,0.005568093225711205,0.015224842575655076
0.18278860955776466,0.0053425170033637275,0.01574539283099478
0.1828851731469404,0.005126073358680311,0.016290536158468028
0.18298173673611612,0.0049186124118187746,0.0168579750868296
0.18307830032529182,0.004719981338148236,0.01744520963468876
0.18317486391446755,0.004530024550438978,0.01804954904934928
0.18327142750364325,0.004348583877783107,0.018668125070203805
0.18336799109281898,0.0041754987412475925,0.019297906623419646
0.1834645546819947,0.004010606326277911,0.019935715855468484
0.18356111827117041,0.0038537417518782024,0.02057824541672322
0.18365768186034614,0.003704738236604092,0.021222076911876817
0.18375424544952185,0.0035634272614136027,0.02186370044026698
0.18385080903869758,0.003429638729429462,0.02249953515510926
0.1839473726278733,0.0033032011226716298,0.023125950774897708
0.184043936217049,0.003183941655826472,0.023739289981710862
0.18414049980622474,0.003071686427122413,0.024335891638797916
0.18423706339540044,0.00296626056638721,0.024912114752854767
0.18433362698457617,0.0028674883803639934,0.025464363094309075
0.18443019057375187,0.002775193495365563,0.025989110371549596
0.1845267541629276,0.0026891989973488926,0.026482925832607578
0.18462331775210333,0.002609327569490435,0.026942500140872207
0.18471988134127904,0.0025354016273442877,0.02736467134103765
0.18481644493045477,0.002467243451662882,0.027746450698915768
0.18491300851963047,0.002404675318958998,0.02808504816564432
0.1850095721088062,0.002347519629884728,0.028377897184956848
0.18510613569798193,0.00229559903549988,0.0286226785335202
0.18520269928715763,0.0022487365614991452,0.02881734286079016
0.18529926287633336,0.002206755730462033,0.02896013157822292
0.18539582646550906,0.0021694806821848855,0.02904959573962116
0.1854923900546848,0.002136736292149621,0.029084612556200033
0.18558895364386052,0.0021083482881764123,0.02906439920250032
0.18568551723303622,0.0020841433653021497,0.02898852359302738
0.18578208082221195,0.0020639492989195283,0.0288569118443992
0.18587864441138766,0.0020475950562049033,0.028669852183215827
0.18597520800056339,0.002034910905854269,0.02842799511488915
0.1860717715897391,0.002025728526141297,0.028132349731659467
0.18616833517891482,0.0020198811113014293,0.027784276107255187
0.18626489876809055,0.002017203476238507,0.02738547379890487
0.18636146235726625,0.002017532159544738,0.02693796655241564
0.18645802594644198,0.002020705524811824,0.026444083380462616
0.18655458953561768,0.002026563860208204,0.02590643625570731
0.1866511531247934,0.002034949476285654,0.02532789472677627
0.18674771671396914,0.002045706801970972,0.024711557824480528
0.18684428030314484,0.002058682478693467,0.024060723676340254
0.18694084389232057,0.002073725452585695,0.023378857288132524
0.18703740748149628,0.0020906870646945777,0.022669556980934785
0.187133971070672,0.002109421139125448,0.021936519990298532
0.18723053465984774,0.0021297840690404713,0.021183507740712513
0.18732709824902344,0.0021516349004232866,0.02041431130337512
0.18742366183819917,0.002174835413516807,0.019632717529071832
0.18752022542737487,0.002199250201834037,0.018842476321300188
0.1876167890165506,0.0022247467486390645,0.018047269478699956
0.1877133526057263,0.0022511955007882972,0.01725068149152363
0.18780991619490203,0.0022784699398191027,0.016456172625605482
0.18790647978407776,0.002306446650169069,0.015667054570613338
0.18800304337325346,0.0023350053844069466,0.014886468868785408
0.1880996069624292,0.0023640291253532873,0.014117368277562947
0.1881961705516049,0.002393404144967299,0.01336250115617175
0.18829273414078063,0.0024230200598768328,0.012624398903920232
0.18838929772995636,0.002452769883426053,0.011905366418452737
0.18848586131913206,0.002482550074118812,0.011207475486826268
0.1885824249083078,0.002512260580334705,0.010532560972616834
0.1886789884974835,0.0025418048811985247,0.009882219619358165
0.18877555208665922,0.0025710900234862106,0.009257811255535478
0.18887211567583495,0.002600026654453954,0.008660462159863245
0.18896867926501065,0.002628529050482732,0.008091070327937494
0.18906524285418638,0.002656515141435043,0.0075503123728682614
0.18916180644336208,0.002683906530625336,0.007038651792747137
0.18925837003253781,0.0027106285103167182,0.006556348346404332
0.18935493362171352,0.0027366100726592267,0.006103468294849291
0.18945149721088925,0.002761783915996599,0.0056798952880527135
0.18954806080006498,0.002786086446476005,0.005285341703884966
0.18964462438924068,0.0028094577749053417,0.00491936027657706
0.1897411879784164,0.0028318417088137805,0.004581355884412406
0.1898377515675921,0.002853185739679278,0.004270597398812438
0.18993431515676784,0.002873441025303237,0.00398622952799569
0.19003087874594357,0.002892562367318527,0.003727284616493722
0.19012744233511927,0.002910508183834204,0.0034926943857233176
0.190224005924295,0.002927240477230972,0.0032813016195527523
0.1903205695134707,0.00294272479713395,0.003091871811646569
0.19041713310264644,0.0029569301986041145,0.002923104797915942
0.19051369669182217,0.0029698291956024203,0.0027736463976585986
0.19061026028099787,0.0029813977097949314,0.002642100081192499
0.1907068238701736,0.0029916150147799797,0.002527038670636358
0.1908033874593493,0.0030004636758333442,0.002427016064859405
0.19089995104852503,0.0030079294852804546,0.0023405789606575694
0.19099651463770073,0.0030140013936180545,0.0022662785212418657
0.19109307822687646,0.0030186714365223405,0.0022026819215371076
0.1911896418160522,0.0030219346578911903,0.002148383679049716
0.1912862054052279,0.003023789029083472,0.002102016660521477
0.19138276899440362,0.003024235364529287,0.0020622626395222056
0.19147933258357933,0.003023277233896498,0.0020278622695891605
0.19157589617275506,0.0030209208710117136,0.0019976243323063295
0.19167245976193079,0.003017175079742657,0.001970434120370884
0.1917690233511065,0.0030120511370604936,0.00194526082240971
0.19186558694028222,0.003005562693508319,0.0019211637890035546
0.19196215052945792,0.0029977256713125096,0.0018972975776307618
0.19205871411863365,0.0029885581603792703,0.0018729156973873813
0.19215527770780938,0.0029780803124271533,0.0018473730014497906
0.19225184129698508,0.0029663142335107995,0.001820126705227958
0.1923484048861608,0.002953283875198062,0.0017907360397865168
0.19244496847533651,0.0029390149246649225,0.0017588605821096366
0.19254153206451224,0.00292353469397525,0.0017242573348596588
0.19263809565368795,0.002906872008818736,0.0016867766572321464
0.19273465924286368,0.002889057096974675,0.0016463571742147075
0.1928312228320394,0.0028701214767759766,0.0016030198130898192
0.1929277864212151,0.002850097845841747,0.0015568611326292965
0.19302435001039084,0.002829019970349067,0.0015080461215922804
0.19312091359956654,0.002806922575107822,0.0014568006485860539
0.19321747718874227,0.002783841234701498,0.0014034037450226914
0.193314040777918,0.0027598122659512883,0.001348179897026724
0.1934106043670937,0.0027348726219540358,0.0012914915111174846
0.19350716795626943,0.0027090597879390324,0.0012337317029412745
0.19360373154544513,0.0026824116791825292,0.0011753175390232851
0.19370029513462086,0.002654966541206468,0.0011166838393791736
0.1937968587237966,0.0026267628524841943,0.001058277624843525
0.1938934223129723,0.002597839229862322,0.001000553268176611
0.19398998590214803,0.0025682343368991847,0.0009439683834196543
0.19408654949132373,0.002537986795310063,0.0008889804645402063
0.19418311308049946,0.0025071350996951395,0.0008360442629970658
0.19427967666967516,0.0024757175357179046,0.0007856098751904511
0.1943762402588509,0.0024437721018870143,0.000738121495365598
0.19447280384802662,0.002411336435080904,0.0006940167777745406
0.19456936743720232,0.002378447739944891,0.000653726743884593
0.19466593102637805,0.0023451427222734873,0.0006176761660835538
0.19476249461555376,0.002311457526479837,0.0005862843583788272
0.19485905820472949,0.0022774276772381534,0.000559966306548172
0.19495562179390521,0.0022430880253740703,0.0005391340744557778
0.19505218538308092,0.0022084726980616596,0.0005241984290555604
0.19514874897225665,0.002173615053373636,0.0005155706331548014
0.19524531256143235,0.0021385476392176287,0.000513664361492036
0.19534187615060808,0.002103302156676568,0.0005188977012898803
0.1954384397397838,0.002067909427760844,0.0005316952024756979
0.1955350033289595,0.0020323993675639297,0.0005524899446488477
0.19563156691813524,0.001996800960802525,0.0005817255871935904
0.19572813050731094,0.001961142242709556,0.000619858365498387
0.19582469409648667,0.0019254502842354967,0.0006673589900467045
0.1959212576856624,0.0018897511815040755,0.0007247143964458051
0.1960178212748381,0.0018540700494548185,0.0007924292837111018
0.19611438486401384,0.0018184310195969388,0.000871027366007002
0.19621094845318954,0.0017828572417865713,0.0009610522504040127
0.19630751204236527,0.0017473708899324824,0.0010630678410269634
0.19640407563154097,0.001711993171524074,0.001177658159317085
0.1965006392207167,0.0016767443408687366,0.001305426462103764
0.19659720280989243,0.0016416437159173748,0.0014469935348440889
0.19669376639906813,0.0016067096985493748,0.0016029950377175538
0.19679032998824386,0.0015719597981832761,0.0017740777880639667
0.19688689357741956,0.0015374106585710253,0.0019608948745520587
0.1969834571665953,0.0015030780876309456,0.002164099516796101
0.19708002075577102,0.001468977090168579,0.0023843376089884767
0.19717658434494673,0.0014351219033304629,0.00262223891723064
0.19727314793412246,0.001401526034633628,0.0028784069370716716
0.19736971152329816,0.0013682023024087927,0.0031534074594315336
0.1974662751124739,0.001335162878496045,0.003447755938442749
0.19756283870164962,0.0013024193330270178,0.003761903802363645
0.19765940229082532,0.0012699826811284581,0.00409622389700178
0.19775596588000105,0.0012378634313816952,0.004450995298213471
0.19785252946917675,0.001206071635871314,0.004826387774201502
0.19794909305835248,0.0011746169416583434,0.005222446217568239
0.19804565664752818,0.0011435086435134607,0.0056390753995712774
0.19814222023670391,0.0011127557377470971,0.006076025423049484
0.19823878382587964,0.0010823669769772126,0.006532878264495456
0.19833534741505535,0.0010523509256748999,0.0070090357984777885
0.19843191100423108,0.001022716016333335,0.007503709688166857
0.19852847459340678,0.0009934706061078844,0.008015913503513638
0.1986250381825825,0.0009646230337790511,0.008544457393674685
0.19872160177175824,0.0009361816768922067,0.009087945592903135
0.19881816536093394,0.0009081550089355608,0.009644776980358762
0.19891472895010967,0.0008805516564180743,0.010213148845513647
0.19901129253928537,0.0008533804557170683,0.01079106393407655
0.1991078561284611,0.000826650509568002,0.011376340766962097
0.19920441971763683,0.0008003712430744523,0.011966627139657566
0.19930098330681253,0.0007745524591219258,0.01255941662437453
0.19939754689598826,0.0007492043930826204,0.013152067815907735
0.19949411048516397,0.0007243377667058525,0.013741825987296539
0.1995906740743397,0.0006999638410917249,0.014325846756329518
0.1996872376635154,0.0006760944686521458,0.014901221311328677
0.19978380125269113,0.0006527421439683799,0.015465002706864923
0.19988036484186686,0.0006299200534589283,0.01601423271866307
0.19997692843104256,0.0006076421237770814,0.016545968743047618
0.2000734920202183,0.0005859230688615973,0.017057310239963
0.200170055609394,0.0005647784355704051,0.01754542424932301
0.20026661919856972,0.00054422464782923,0.01800756955681664
0.20036318278774545,0.0005242790492340938,0.01844111914517025
0.20045974637692116,0.000504959944049408,0.018843580637591853
0.20055630996609689,0.00048628663654699887,0.01921261451841429
0.2006528735552726,0.00046827946863701943,0.019546049998387435
0.20074943714444832,0.0004509598557428656,0.01984189847493129
0.20084600073362405,0.00043435032087749874,0.020098364617399757
0.20094256432279975,0.00041847452687993275,0.020313855180625787
0.20103912791197548,0.000403357306774775,0.020486985713731445
0.20113569150115118,0.0003890246922187985,0.02061658538290369
0.2012322550903269,0.00037550394000181414,0.02070170016468112
0.2013288186795026,0.0003628235565701567,0.020741594689082096
0.20142538226867834,0.00035101332054288743,0.020735753019117942
0.20152194585785407,0.0003401043031925215,0.020683878645130983
0.20161850944702978,0.00033012888686244585,0.02058589394985975
0.2017150730362055,0.0003211207812943127,0.0204419393646839
0.2018116366253812,0.000313115037839514,0.020252372391201378
0.20190820021455694,0.0003061480615283124,0.02001776660762973
0.20200476380373267,0.00030025762097132363,0.019738910719301304
0.20210132739290837,0.00029548285606698543,0.019416807649725903
0.2021978909820841,0.0002918642834889849,0.019052673606403978
0.2022944545712598,0.00028944379992693487,0.01864793699672033
0.20239101816043553,0.00028826468305273985,0.0182042370166627
0.20248758174961126,0.0002883715901856182,0.017723421691227575
0.20258414533878696,0.0002898105546256714,0.01720754511226881
0.2026807089279627,0.0002926289796281332,0.01665886359878681
0.2027772725171384,0.0002968756299864988,0.016079830497263237
0.20287383610631413,0.0003026006211947594,0.015473089346066433
0.20297039969548983,0.0003098554061558363,0.014841465148075966
0.20306696328466556,0.0003186927594043949,0.014187953528772784
0.2031635268738413,0.0003291667588105171,0.013515707601969447
0.203260090463017,0.00034133276473054226,0.0128280224204144
0.20335665405219272,0.0003552473965717507,0.012128316951749056
0.20345321764136842,0.00037096850673590677,0.011420113589398017
0.20354978123054415,0.00038855515190887736,0.010707015280535553
0.20364634481971988,0.0004080675616617207,0.009992680426744905
0.20374290840889558,0.0004295671043311622,0.00928079578487841
0.20383947199807131,0.00045311625014675866,0.008575047663528651
0.20393603558724702,0.00047877853157464716,0.00787909177221501
0.20403259917642275,0.0005066185008481384,0.007196522133801405
0.20412916276559848,0.0005367016846579756,0.0065308395141835274
0.20422572635477418,0.0005690945359780209,0.005885419855334163
0.2043222899439499,0.0006038643830028054,0.00526348321746201
0.2044188535331256,0.0006410793751791839,0.004668063742495681
0.20451541712230134,0.0006808084263156328,0.004101981144093168
0.20461198071147704,0.0007231211547574846,0.0035678142089532695
0.20470854430065277,0.0007680878206211619,0.0030678767608461107
0.2048051078898285,0.0008157792600842577,0.002604196493377033
0.2049016714790042,0.0008662668167340901,0.0021784970213226526
0.20499823506817993,0.00091962226998345,0.0017921834350715176
0.20509479865735564,0.0009759177605658666,0.0014463315702804682
0.20519136224653137,0.0010352257131328298,0.0011416811275276905
0.2052879258357071,0.0010976187559781044,0.00087863269706428
0.2053844894248828,0.0011631696379240035,0.0006572486642535279
0.20548105301405853,0.0012319511424117191,0.00047725789463450854
0.20557761660323423,0.0013040359988423075,0.0003380640262527864
0.20567418019240996,0.0013794967912284213,0.00023875713328972488
0.2057707437815857,0.0014584058642182528,0.0001781284711279516
0.2058673073707614,0.001540835226568282,0.00015468797036921264
0.20596387095993712,0.0016268564521442843,0.00016668411706462316
0.20606043454911283,0.0017165405785425133,0.00021212583903071558
0.20615699813828856,0.0018099580034276468,0.00028880601351523154
0.20625356172746426,0.0019071783786995117,0.0003943262189587725
0.20635012531664,0.002008270502600231,0.0005261223719313073
0.20644668890581572,0.002113302209890697,0.0006814909177662315
0.20654325249499142,0.002222340260227657,0.0008576152778582576
0.20663981608416715,0.0023354502248855145,0.0010515922956310945
0.20673637967334285,0.002452696371970875,0.0012604584643015823
0.20683294326251858,0.0025741415502904697,0.0014812157602662691
0.2069295068516943,0.0026998470720379694,0.0017108569438281209
0.20702607044087,0.0028298725944712316,0.0019463902220326038
0.20712263403004574,0.002964276000764441,0.002184863194885124
0.20721919761922145,0.003103113280219279,0.002423386024993198
0.20731576120839718,0.0032464384080283415,0.0026591537810976584
0.2074123247975729,0.0033943032247938047,0.0028894679079143606
0.2075088883867486,0.0035467573160008854,0.003111756768730001
0.20760545197592434,0.003703847891658241,0.0033235951942891732
0.20770201556510004,0.003865619666318427,0.003522722953144724
0.20779857915427577,0.004032114739693354,0.0037070620366678442
0.20789514274345147,0.004203372478085899,0.0038747326284031365
0.2079917063326272,0.0043794293968590515,0.004024067604607768
0.20808826992180293,0.004560319044165237,0.004153625392815637
0.20818483351097863,0.004746071886161528,0.00426220100016197
0.20828139710015436,0.004936715193933866,0.004348835014755936
0.20837796068933007,0.005132272932355817,0.004412820383018169
0.2084745242785058,0.00533276565110279,0.0044537067745714
0.20857108786768153,0.005538210378045341,0.004471302364463573
0.20866765145685723,0.005748620515238458,0.0044656728901851855
0.20876421504603296,0.00596400573772321,0.004437137877589733
0.20886077863520866,0.006184371895353316,0.004386263974430721
0.2089573422243844,0.006409720917851738,0.004313855381432126
0.20905390581356012,0.006640050723303698,0.004220941426856818
0.20915046940273582,0.006875355130280058,0.0041087613895268
0.20924703299191155,0.007115623773781863,0.003978746735076423
0.20934359658108725,0.007360842025195992,0.0038325009887749655
0.20944016017026298,0.007610990916430901,0.0036717775234759893
0.2095367237594387,0.007866047068407947,0.0034984555911815834
0.20963328734861442,0.008125982624071567,0.0033145149696112825
0.20972985093779015,0.008390765186068001,0.003122009629540194
0.20982641452696585,0.008660357759238643,0.0029230408532860005
0.20992297811614158,0.008934718698069655,0.002719730248711273
0.21001954170531728,0.009213801659217282,0.0025141931058870063
0.210116105294493,0.00949755555923331,0.002308512534926226
0.21021266888366874,0.009785924537598408,0.00210471480360206
0.21030923247284444,0.010078847925156693,0.0019047462626844078
0.21040579606202017,0.010376260218049913,0.0017104522063293131
0.21050235965119588,0.010678091057226977,0.0015235579654904604
0.2105989232403716,0.010984265213593853,0.0013456524756835617
0.21069548682954733,0.011294702578873451,0.001178174498287361
0.21079205041872304,0.011609318162219927,0.0010224016088793404
0.21088861400789877,0.011928022092629862,0.0008794419990683647
0.21098517759707447,0.012250719627181415,0.0007502290721357144
0.2110817411862502,0.01257731116512746,0.0006355187498193507
0.2111783047754259,0.012907692267849597,0.0005358893499741839
0.21127486836460163,0.013241753684681388,0.00045174384461182937
0.21137143195377736,0.013579381384594781,0.0003833142667316763
0.21146799554295306,0.013920456593736315,0.0003306680037519115
0.2115645591321288,0.014264855838791215,0.000293715696166539
0.2116611227213045,0.014612450996143563,0.00027222045270353876
0.21175768631048023,0.01496310934679821,0.0002658080976068116
0.21185424989965596,0.015316693637013407,0.00027397818103224234
0.21195081348883166,0.0156730621445942,0.0002961155087253433
0.2120473770780074,0.016032068750785992,0.00033150198044841906
0.2121439406671831,0.016393563017693766,0.00037932856597278037
0.21224050425635882,0.016757390271165344,0.0004387072904704725
0.21233706784553455,0.017123391689037492,0.0005086831452861081
0.21243363143471025,0.01749140439467921,0.0005882458827578801
0.21253019502388598,0.017861261555718665,0.0006763416924905165
0.21262675861306168,0.018232792487861665,0.0007718847889860404
0.2127233222022374,0.018605822763697454,0.0008737689648827142
0.21281988579141312,0.018980174326374215,0.0009808791787382883
0.21291644938058885,0.019355665608028986,0.001092103250355133
0.21301301296976458,0.019732111652845996,0.0012063437296847745
0.21310957655894028,0.02010932424462472,0.001322529987575194
0.213206140148116,0.02048711203870484,0.0014396305488420654
0.2133027037372917,0.020865280698131778,0.0015566656517266913
0.21339926732646744,0.02124363303390358,0.0016727199746252477
0.21349583091564317,0.021621969149155356,0.0017869554233375675
0.21359239450481887,0.02200008658713201,0.0018986238225891518
0.2136889580939946,0.022377780482787202,0.002007079307034107
0.2137855216831703,0.022754843717848847,0.002111790162181947
0.21388208527234603,0.023131067079189195,0.0022123498274809624
0.21397864886152176,0.023506239420322376,0.0023084867446474693
0.21407521245069747,0.023880147825860756,0.002400072716449034
0.2141717760398732,0.02425257777875777,0.0024871294362260937
0.2142683396290489,0.024623313330146016,0.002569832857637585
0.21436490321822463,0.024992137271594137,0.0026485150979810037
0.21446146680740033,0.025358831309597464,0.0027236636068600738
0.21455803039657606,0.025723176242108573,0.0027959173842057143
0.2146545939857518,0.026084952136913857,0.0028660600963198116
0.2147511575749275,0.026443938511672763,0.00293501001378845
0.21484772116410322,0.026799914515411,0.0030038067783774063
0.21494428475327892,0.02715265911127796,0.0030735950945930783
0.21504084834245465,0.027501951260367603,0.0031456055324102236
0.21513741193163038,0.02784757010640201,0.0032211327175052993
0.2152339755208061,0.028189295161076933,0.0033015112709689673
0.21533053910998182,0.02852690648987323,0.0033880899387357696
0.21542710269915752,0.028860184898124218,0.003482204418905635
0.21552366628833325,0.029188912117153312,0.0035851494501062298
0.21562022987750898,0.029512870990268576,0.0036981507637817543
0.21571679346668468,0.029831845658429335,0.003822337526028259
0.2158133570558604,0.030145621745381306,0.003958715899098232
0.2159099206450361,0.03045398654207408,0.00410814433833881
0.21600648423421184,0.03075672919016519,0.0042713112071243895
0.21610304782338755,0.03105364086443107,0.004448715240988528
0.21619961141256328,0.03134451495389768,0.004640649323987875
0.216296175001739,0.03162914724151304,0.0048471879573456925
0.2163927385909147,0.03190733608219114,0.005068178705218418
0.21648930218009044,0.032178882579055844,0.005303237798111671
0.21658586576926614,0.032443590757722705,0.005551749964589135
0.21668242935844187,0.03270126773846682,0.005812872450295579
0.2167789929476176,0.032951723906112486,0.0060855430739089715
0.2168755565367933,0.033194773077518405,0.006368492066409067
0.21697212012596903,0.03343023266650788,0.0066602573467240515
0.21706868371514473,0.03365792384611934,0.0069592028067553685
0.21716524730432046,0.03387767170805221,0.007263539114813952
0.2172618108934962,0.034089305419196476,0.0075713465007691645
0.2173583744826719,0.03429265837513383,0.007880598960062213
0.21745493807184763,0.03448756835051224,0.008189189307699291
0.21755150166102333,0.03467387764619896,0.008494954527012027
0.21764806525019906,0.034851433233137566,0.008795700890167386
0.21774462883937476,0.03502008689281212,0.009089228376094181
0.2178411924285505,0.03517969535427051,0.009373353974015213
0.21793775601772622,0.03533012042762876,0.00964593353390506
0.21803431960690192,0.03547122913400487,0.009904881905379047
0.21813088319607765,0.03560289383184065,0.010148191190005245
0.21822744678525335,0.035724992339555575,0.010373947015019992
0.21832401037442908,0.03583740805450775,0.01058034281539278
0.2184205739636048,0.03594003006822303,0.010765692182795704
0.21851713755278052,0.036032753277870186,0.01092843940154156
0.21861370114195625,0.036115478493960476,0.011067168340701565
0.21871026473113195,0.03618811254424926,0.011180609906843783
0.21880682832030768,0.036250568373829894,0.011267648282232996
0.2189033919094834,0.03630276514140465,0.011327326178755539
0.2189999554986591,0.03634462831172656,0.011358849328732554
0.21909651908783484,0.03637608974419698,0.011361590411369357
0.21919308267701054,0.03639708777761592,0.011335092579508254
0.21928964626618627,0.036407567311076854,0.011279072707846827
0.21938620985536197,0.036407479880992674,0.011193424433398453
0.2194827734445377,0.03639678373424715,0.011078221004504596
0.21957933703371343,0.0363754438974546,0.010933717899127886
0.21967590062288914,0.0363434322423186,0.010760355119336354
0.21977246421206487,0.03630072754706307,0.01055875901965883
0.21986902780124057,0.03624731555391735,0.010329743484853654
0.2199655913904163,0.036183189022627835,0.01007431023976682
0.22006215497959203,0.03610834777995966,0.009793648052072673
0.22015871856876773,0.03602279876515428,0.00948913057902445
0.22025528215794346,0.035926556071293504,0.009162312612515744
0.22035184574711916,0.0358196409825239,0.00881492449289442
0.2204484093362949,0.03570208200707795,0.00844886449059283
0.22054497292547062,0.035573914906031755,0.008066188994785305
0.22064153651464632,0.035435182717724,0.007669100398471595
0.22073810010382205,0.035285935777755725,0.007259932627840949
0.22083466369299776,0.03512623173448997,0.0068411343282830895
0.2209312272821735,0.03495613555994792,0.006415249787670844
0.2210277908713492,0.0347757195560079,0.005984897747046105
0.22112435446052492,0.03458506335579617,0.00555274831707034
0.22122091804970065,0.03438425392015232,0.005121498283116531
0.22131748163887635,0.03417338552905428,0.004693845140345332
0.22141404522805208,0.03395255976786949,0.004272460250421223
0.22151060881722778,0.03372188550830565,0.003859961551844135
0.2216071724064035,0.03348147888392238,0.0034588862846817343
0.22170373599557924,0.03323146326006601,0.003071664206673161
0.22180029958475495,0.03297196919808036,0.0027005917804837636
0.22189686317393068,0.03270313441365391,0.0023478078010673287
0.22199342676310638,0.032425103729154935,0.0020152709077995747
0.2220899903522821,0.03213802901980594,0.001704739388908058
0.22218655394145784,0.03184206915355902,0.0014177536368727977
0.22228311753063354,0.03153738992452112,0.001155621554366121
0.22237968111980927,0.031224163979794675,0.0009194071429120828
0.22247624470898497,0.030902570739597006,0.0007099224329710187
0.2225728082981607,0.03057279631052616,0.0005277228370886767
0.2226693718873364,0.03023503339185447,0.00037310592975597364
0.22276593547651213,0.029889481174728935,0.0002461135813753362
0.22286249906568786,0.029536345234179046,0.00014653730187850968
0.22295906265486357,0.02917583741383097,7.392658452636704e-05
0.2230556262440393,0.028808175703247303,2.7599984413710644e-05
0.223152189833215,0.028433584107823866,6.658620958949246e-06
0.22324875342239073,0.028052292511180996,1.0001760467533129e-05
0.22334531701156646,0.027664536530013335,3.6344114459040786e-05
0.22344188060074216,0.027270557361370743,8.42344820106414e-05
0.2235384441899179,0.0268706016223594,0.00015207536948144863
0.2236350077790936,0.026464921182282525,0.00023814323768013551
0.22373157136826932,0.02605377298723504,0.00034060905336507046
0.22382813495744505,0.025637418877216635,0.0004575588570466584
0.22392469854662075,0.025216125395821604,0.0005870141002144186
0.22402126213579648,0.024790163592599328,0.0007269515499539127
0.2241178257249722,0.024359808818197035,0.0008753226050036182
0.22421438931414792,0.023925340512421418,0.0010300719122302434
0.22431095290332362,0.023487041985367822,0.0011891552140514572
0.22440751649249935,0.023045200191801396,0.0013505563935639734
0.22450408008167508,0.02260010549898809,0.0015123037134650655
0.22460064367085078,0.022152051448195723,0.0016724852661521167
0.2246972072600265,0.021701334510114075,0.001829263664986612
0.2247937708492022,0.021248253834454677,0.001980890010459476
0.22489033443837794,0.02079311099401969,0.0021257171602345128
0.22498689802755367,0.0203362097235497,0.002262212319554718
0.22508346161672937,0.019877855653673657,0.0023889689495017476
0.2251800252059051,0.019418356040306516,0.002504717966619448
0.2252765887950808,0.018958019489866727,0.0026083381802448876
0.22537315238425654,0.01849715568068533,0.0026988658854831954
0.22546971597343227,0.018036075081009476,0.002775503502084457
0.22556627956260797,0.017575088664013912,0.0028376271244903357
0.2256628431517837,0.017114507620240645,0.0028847928277853036
0.2257594067409594,0.016654643067911153,0.002916741559777139
0.22585597033013513,0.01619580576155264,0.002933402442185955
0.22595253391931083,0.015738305799403402,0.002934894304840289
0.22604909750848656,0.015282452330055617,0.0029215252863518362
0.2261456610976623,0.014828553258811534,0.002893790353083398
0.226242224686838,0.014376914954228374,0.002852366615014825
0.22633878827601372,0.013927841955325334,0.0027981063517063354
0.22643535186518943,0.013481636679941912,0.0027320277029272127
0.22653191545436516,0.013038599134716382,0.0026553030253983006
0.2266284790435409,0.01259902662717034,0.0025692449679679576
0.2267250426327166,0.012163213480366322,0.0024752903707446344
0.22682160622189232,0.011731450750611595,0.00237498214748355
0.22691816981106802,0.011304025948665619,0.0022699493630822486
0.22701473340024375,0.010881222764907694,0.0021618857676062677
0.22711129698941948,0.01046332079890513,0.0020525270931783185
0.22720786057859518,0.010050595293816834,0.0019436274587560159
0.2273044241677709,0.009643316876050833,0.00183693525893655
0.22740098775694662,0.009241751300582714,0.0017341689352977298
0.22749755134612235,0.008846159202323978,0.0016369930415214443
0.22759411493529805,0.008456795853922195,0.0015469950160202995
0.22769067852447378,0.008073910930343901,0.0014656630676991623
0.2277872421136495,0.007697748280587858,0.0013943655618494633
0.2278838057028252,0.007328545706848165,0.0013343322643547316
0.22798036929200094,0.006966534751432325,0.0012866377640933587
0.22807693288117664,0.006611940491716437,0.0012521873466922325
0.22817349647035237,0.0062649813434050355,0.0012317055389770455
0.2282700600595281,0.005925868872333951,0.001225727484205192
0.2283666236487038,0.00559480761504316,0.0012345932453163909
0.22846318723787953,0.005271994908317215,0.0012584450690078148
0.22855975082705524,0.004957620727876111,0.0012972275795318383
0.22865631441623097,0.004651867536374534,0.0013506908098146185
0.2287528780054067,0.004354910140847488,0.0014183959207957452
0.2288494415945824,0.004066915559719362,0.0014997234095943557
0.22894600518375813,0.00378804289947245,0.0015938835647493466
0.22904256877293383,0.0035184432410534203,0.001699928893537787
0.22913913236210956,0.0032582595360682305,0.0018167682230335015
0.22923569595128526,0.0030076265128086877,0.0019431821634651137
0.229332259540461,0.002766670592122329,0.0020778396194674506
0.22942882312963672,0.0025355098131277574,0.002219315041450032
0.22952538671881242,0.002314253768754429,0.0023661061245800774
0.22962195030798815,0.0021030035510709298,0.002516651685521988
0.22971851389716386,0.0019018517063496808,0.0026693494755242056
0.2298150774863396,0.001710882199795709,0.0028225737209602933
0.22991164107551532,0.0015301703898580293,0.0029746922171972924
0.23000820466469102,0.0013597830120219772,0.0031240828368532462
0.23010476825386675,0.0011997781719717956,0.0032691493474026902
0.23020133184304245,0.0010502053479936224,0.0034083364641556237
0.23029789543221818,0.000911105402483681,0.00354014409158572
0.2303944590213939,0.0007825106024091714,0.0036631407278301165
0.2304910226105696,0.0006644446485599102,0.0037759760232876165
0.23058758619974534,0.0005569227134206082,0.0038773924943161274
0.23068414978892104,0.0004599514874811351,0.003966236397129178
0.23078071337809677,0.00037352923379460216,0.004041467765538505
0.23087727696727248,0.0002976458505847164,0.004102169609848981
0.2309738405564482,0.00023228294169664313,0.0041475562639666985
0.23107040414562394,0.00017741389467787003,0.0041769808547338135
0.23116696773479964,0.00013300396626911583,0.004189941852941469
0.23126353132397537,9.901037508143144e-05,0.004186088650689162
0.23136009491315107,7.538240122702286e-05,0.00416522609606325
0.2314566585023268,6.206149267072063e-05,0.004127317904708805
0.23155322209150253,5.898137806121092e-05,0.00407248885984368
0.23164978568067823,6.606818580005713e-05,0.00400102570849018
0.23174634926985396,8.324056910245862e-05,0.003913376662824365
0.23184291285902967,0.0001104098368007466,0.0038101494219587155
0.2319394764482054,0.0001474800896400292,0.003692107641302747
0.23203604003738112,0.00019434836181379637,0.003560165793727734
0.23213260362655683,0.0002509047674847604,0.003415382388695447
0.23222916721573256,0.000317032652037606,0.0032589515416517434
0.23232573080490826,0.00039260874780695337,0.0030921929155001077
0.232422294394084,0.00047750333402682454,0.0029165400878399684
0.2325188579832597,0.000571580400745638,0.002733527430803324
0.23261542157243542,0.0006746978164540198,0.0025447756235381764
0.23271198516161115,0.0007867074991712205,0.0023519759495111772
0.23280854875078685,0.0009074555907401465,0.002156873560653164
0.23290511233996258,0.001036782634081585,0.0019612499168809557
0.23300167592913829,0.0011745237531591763,0.0017669046317169265
0.23309823951831402,0.0013205088354152476,0.0015756369717711452
0.23319480310748975,0.0014745627164307912,0.0013892272691139408
0.23329136669666545,0.0016365053665784942,0.0012094185105761877
0.23338793028584118,0.0018061520794310608,0.0010378983665580296
0.23348449387501688,0.0019833136616988676,0.0008762819139699625
0.2335810574641926,0.00216779662447147,0.0007260952936911516
0.23367762105336834,0.0023594033755458825,0.0005887605228354415
0.23377418464254404,0.0025579324126262116,0.00046558165680310606
0.23387074823171977,0.002763178517190556,0.0003577324663861852
0.23396731182089547,0.002974932948822723,0.00026624576207935163
0.2340638754100712,0.0031929836398143755,0.00019200446233271195
0.2341604389992469,0.0034171153898537223,0.00013573446597166193
0.23425700258842264,0.003647110060618385,9.799935263690101e-05
0.23435356617759837,0.0038827467701024417,7.919690009567839e-05
0.23445012976677407,0.004123802086515944,7.955737480972248e-05
0.2345466933559498,0.004370050221599442,9.914352327080598e-05
0.2346432569451255,0.004621263223207978,0.00013785216722190846
0.23473982053430123,0.004877211167028968,0.00019541728666223375
0.23483638412347696,0.005137662347305452,0.0002714144609367033
0.23493294771265266,0.005402383466441889,0.0003652665304279411
0.2350295113018284,0.0056711398233894,0.000476250339318797
0.2351260748910041,0.0059436955007062245,0.0006035044232253003
0.23522263848017982,0.006219813550201202,0.0007460375136134652
0.23531920206935555,0.006499256177085519,0.0009027377429783355
0.23541576565853126,0.00678178492255323,0.0010723824497713697
0.235512329247707,0.007067160844734574,0.0012536484988739367
0.2356088928368827,0.007355144697964557,0.0014451230508148293
0.23570545642605842,0.007645497110325341,0.0016453147296915144
0.23580202001523415,0.007937978759424136,0.0018526651547169585
0.23589858360440985,0.008232350546382224,0.0020655608124108935
0.23599514719358558,0.008528373768013145,0.0022823452548108125
0.23609171078276128,0.00882581028717987,0.0025013316130333726
0.236188274371937,0.009124422701328544,0.002720815414664093
0.23628483796111271,0.009423974509193326,0.002939087687666275
0.23638140155028844,0.009724230275691212,0.0031544483229704236
0.23647796513946417,0.010024955795011519,0.0033652196530645152
0.23657452872863988,0.010325918251921234,0.003569760185501869
0.2366710923178156,0.010626886381310196,0.0037664784092404906
0.2367676559069913,0.010927630626000103,0.003953846569251057
0.23686421949616704,0.011227923292844737,0.004130414282191718
0.23696078308534277,0.011527538707153251,0.00429482184446318
0.23705734667451847,0.01182625336546656,0.0044458130649814385
0.2371539102636942,0.012123846086716633,0.004582247439798225
0.2372504738528699,0.012420098161803148,0.004703111475375402
0.23734703744204563,0.012714793501609806,0.004807528962827354
0.23744360103122136,0.013007718783491627,0.004894770007420936
0.23754016462039707,0.01329866359625432,0.004964258626490412
0.2376367282095728,0.013587420583645041,0.005015578744743659
0.2377332917987485,0.013873785586365758,0.005048478438472903
0.23782985538792423,0.014157557782620038,0.005062872308926345
0.23792641897709993,0.014438539827193597,0.0050588418991989875
0.23802298256627566,0.014716537989060294,0.005036634107447977
0.2381195461554514,0.014991362287501368,0.004996657590752094
0.2382161097446271,0.015262826626713634,0.004939477197164662
0.23831267333380282,0.015530748928873876,0.0048658065069745095
0.23840923692297852,0.015794951265617564,0.0047764986064224415
0.23850580051215425,0.01605525998787669,0.0046725352566929015
0.23860236410132998,0.016311505854012455,0.004555014656549869
0.23869892769050569,0.016563524156170833,0.004425138027324891
0.23879549127968142,0.01681115484476871,0.004284195273075661
0.23889205486885712,0.01705424265101052,0.004133549985786357
0.23898861845803285,0.017292637207331932,0.003974624074927888
0.23908518204720858,0.017526193165637027,0.0038088823022142913
0.23918174563638428,0.01775477031319822,0.003637816995902421
0.23927830922556,0.01797823368607169,0.003462933204729672
0.2393748728147357,0.018196453679865887,0.003285734529998516
0.23947143640391144,0.018409306157694958,0.0031077098461168885
0.23956799999308714,0.01861667255513122,0.0029303210860263
0.23966456358226287,0.018818439981968468,0.0027549922295126007
0.2397611271714386,0.01901450132058735,0.00258309959070863
0.2398576907606143,0.019204755320715687,0.002415963457570116
0.23995425434979004,0.01938910669035967,0.0022548410922627812
0.24005081793896574,0.01956746618267493,0.0021009210587580526
0.24014738152814147,0.019739750678549273,0.0019553188040282465
0.2402439451173172,0.01990588326464091,0.001819073383489732
0.2403405087064929,0.020065793306641846,0.001693145191069893
0.24043707229566863,0.02021941651750144,0.0015784145305905396
0.24053363588484433,0.020366695020364218,0.001475680848939389
0.24063019947402006,0.0205075774059643,0.0013856624433484504
0.2407267630631958,0.020642018784219996,0.0013089964553072131
0.2408233266523715,0.020769980829777882,0.0012462389721711055
0.24091989024154722,0.020891431821249036,0.0011978650740222
0.24101645383072293,0.02100634667389452,0.0011642686871052982
0.24111301741989866,0.021114706965512934,0.0011457621352092783
0.24120958100907436,0.02121650095529837,0.0011425753154438532
0.2413061445982501,0.021311723595435195,0.0011548544634886495
0.24140270818742582,0.021400376535212838,0.0011826605139544646
0.24149927177660152,0.021482468117454814,0.001225967102247967
0.24159583536577725,0.021558013367059932,0.0012846582935336593
0.24169239895495295,0.02162703397147743,0.0013585261603139814
0.24178896254412868,0.021689558252944573,0.0014472683612110052
0.2418855261333044,0.021745621132336076,0.001550485898294633
0.24198208972248011,0.021795264084486708,0.0016676812475827942
0.24207865331165584,0.02183853508487285,0.0017982570662271585
0.24217521690083155,0.021875488547550098,0.0019415156798143042
0.24227178049000728,0.021906185254270173,0.0020966595439449063
0.242368344079183,0.02193069227471994,0.0022627928559310977
0.2424649076683587,0.02194908287784333,0.0024389244656161857
0.24256147125753444,0.021961436434233535,0.002623972199838067
0.24265803484671014,0.021967838309601025,0.002816768674145454
0.24275459843588587,0.0219683797493549,0.003016068619549886
0.24285116202506157,0.02196315775434391,0.003220557703071256
0.2429477256142373,0.021952274947844134,0.003428862770551903
0.24304428920341303,0.021935839433890974,0.0036395633906370463
0.24314085279258874,0.021913964647084942,0.003851204531977871
0.24323741638176447,0.021886769194018114,0.00406231016352745
0.24333397997094017,0.021854376686502554,0.004271397532004592
0.2434305435601159,0.021816915566791308,0.004476991842770713
0.24352710714929163,0.021774518925018128,0.004677641051627375
0.24362367073846733,0.021727324309095075,0.004871930466304143
0.24372023432764306,0.021675473527337955,0.005058496858030945
0.24381679791681876,0.021619112444104964,0.005236041795624489
0.2439133615059945,0.02155839076875157,0.005403343936476423
0.24400992509517022,0.02149346183823711,0.005559270039919579
0.24410648868434592,0.021424482393722133,0.005702784507413986
0.24420305227352165,0.021351612351523427,0.005832957299320721
0.24429961586269736,0.021275014568806042,0.00594897012794615
0.24439617945187309,0.021194854604408665,0.006050120879084129
0.2444927430410488,0.021111300475215204,0.0061358262674357416
0.24458930663022452,0.021024522408492365,0.006205622783010253
0.24468587021940025,0.020934692590632922,0.006259166033963725
0.24478243380857595,0.02084198491275018,0.006296228634523102
0.24487899739775168,0.020746574713580112,0.006316696823111542
0.24497556098692738,0.02064863852015377,0.006320566024267841
0.2450721245761031,0.020548353786714477,0.006307935587490657
0.24516868816527884,0.020445898632354187,0.006279002946139828
0.24526525175445454,0.020341451577850993,0.006234057439810365
0.24536181534363027,0.02023519128219105,0.0061734740342919555
0.24545837893280598,0.020127296279259355,0.0060977071549066664
0.2455549425219817,0.02001794471518774,0.006007284822539433
0.24565150611115744,0.01990731408684073,0.005902803248230762
0.24574806970033314,0.01979558098192432,0.00578492200322807
0.24584463328950887,0.01968292082119579,0.005654359838554793
0.24594119687868457,0.019569507603246054,0.0055118911832187836
0.2460377604678603,0.019455513652325965,0.005358343305011665
0.246134324057036,0.019341109369676375,0.005194594074312493
0.24623088764621173,0.0192264629888128,0.005021570231161945
0.24632745123538746,0.01911174033521207,0.004840246020778976
0.24642401482456316,0.0189971045908311,0.0046516420340641535
0.2465205784137389,0.018882716063883614,0.004456824068654135
0.2466171420029146,0.01876873196428198,0.004256901813614154
0.24671370559209033,0.01865530618514757,0.004053027157407623
0.24681026918126606,0.018542589090762385,0.003846391924520833
0.24690683277044176,0.018430727311347577,0.0036382248608505872
0.2470033963596175,0.018319863545008853,0.0034297877111261893
0.2470999599487932,0.018210136367194343,0.0032223702623592632
0.24719652353796892,0.0181016800479851,0.003017284264401886
0.24729308712714465,0.017994624377521983,0.0028158561807586596
0.24738965071632035,0.017889094499861202,0.0026194187681827207
0.24748621430549608,0.017785210755513904,0.0024293015306017965
0.24758277789467178,0.017683088532938908,0.002246820139723063
0.24767934148384751,0.017582838129199592,0.0020732649594755875
0.24777590507302322,0.017484564620010915,0.0019098888525396938
0.24787246866219895,0.017388367739358628,0.0017578944829706304
0.24796903225137468,0.017294341768864206,0.0016184213579644208
0.24806559584055038,0.017202575437047857,0.0014925328729626615
0.2481621594297261,0.017113151828612432,0.0013812036366888047
0.2482587230189018,0.017026148303863602,0.0012853073558102871
0.24835528660807754,0.016941636428346122,0.0012056055525294968
0.24845185019725327,0.016859681912767405,0.0011427373727049565
0.24854841378642897,0.016780344563247312,0.0010972107176232704
0.2486449773756047,0.016703678241917163,0.0010693949001744272
0.2487415409647804,0.016629730837873252,0.0010595149871356403
0.24883810455395614,0.01655854424845615,0.0010676479450290517
0.24893466814313187,0.016490154370818955,0.0010937206592949425
0.24903123173230757,0.016424591103717436,0.0011375098471750765
0.2491277953214833,0.016361878359440068,0.0011986438356590358
0.249224358910659,0.0163020340857672,0.0012766061290357246
0.24932092249983473,0.016245070297837394,0.0013707406478362825
0.24941748608901043,0.01619099311977005,0.0014802584838874723
0.24951404967818616,0.01613980283587968,0.0016042459862089765
0.2496106132673619,0.016091493951293473,0.0017416739706307477
0.2497071768565376,0.0160460552617653,0.0018914078329646375
0.24980374044571332,0.016003469932464987,0.0020522183416043886
0.24990030403488903,0.015963715585496453,0.0022227928904030307
0.24999686762406476,0.01592676439588838,0.0024017470060322663
0.2500934312132405,0.01589258319577678,0.0025876359248018814
0.2501899948024162,0.01586113358649348,0.0027789660808559525
0.2502865583915919,0.015832372058244046,0.002974206379201519
0.2503831219807676,0.0158062501170634,0.003171799161425765
0.2504796855699434,0.01578271441870696,0.0033701708073854346
0.2505762491591191,0.015761706909132808,0.003567741950729761
0.2506728127482948,0.015743164971216778,0.0037629373180614787
0.25076937633747054,0.015727021577329206,0.003954195229213338
0.25086593992664624,0.01571320544740072,0.004139976818123392
0.25096250351582194,0.015701641212081337,0.004318775049027103
0.25105906710499765,0.015692249580612286,0.004489123610385545
0.2511556306941734,0.015684947512999443,0.0046496057687900666
0.2512521942833491,0.015679648396095078,0.0047988632570156045
0.2513487578725248,0.01567626222317614,0.004935605254895216
0.25144532146170057,0.015674695776610223,0.005058617499524381
0.25154188505087627,0.01567485281320435,0.005166771533629206
0.25163844864005197,0.0156766342518228,0.005259034069153761
0.25173501222922773,0.01567993836287069,0.00533447640887377
0.25183157581840343,0.01568466095923595,0.0053922838339024014
0.25192813940757913,0.01569069558829371,0.00543176483113967
0.25202470299675483,0.015697933724574172,0.005452360003834469
0.2521212665859306,0.015706264962709455,0.005453650482146154
0.2522178301751063,0.015715577210279774,0.0054353656304062395
0.252314393764282,0.015725756880183506,0.005397389834895459
0.25241095735345775,0.015736689082173533,0.005339768151276917
0.25250752094263346,0.01574825781320804,0.005262710594879078
0.25260408453180916,0.015760346146278758,0.00516659486998216
0.25270064812098486,0.015772836417386197,0.005051967355858101
0.2527972117101606,0.015785610410355796,0.004919542196967963
0.2528937752993363,0.015798549539193484,0.0047701983814770485
0.252990338888512,0.015811535027697683,0.004604974734846276
0.2530869024776878,0.01582444808606211,0.004425062802249365
0.2531834660668635,0.01583717008421713,0.004231797643272267
0.2532800296560392,0.015849582721679377,0.0040266466130309195
0.25337659324521494,0.01586156819368504,0.003811196253719398
0.25347315683439064,0.015873009353415124,0.003587137467908902
0.25356972042356635,0.015883789870125245,0.0033562491880363495
0.25366628401274205,0.01589379438301838,0.003120380793947874
0.2537628476019178,0.015902908650713577,0.0028814335608502127
0.2538594111910935,0.015911019696179154,0.002641341442524795
0.2539559747802692,0.015918015947024897,0.0024020515084620248
0.25405253836944497,0.01592378737105248,0.0021655043582652247
0.25414910195862067,0.015928225606994972,0.0019336148321095793
0.2542456655477964,0.015931224090379437,0.0017082533224996247
0.2543422291369721,0.015932678174473816,0.0014912279705689658
0.25443879272614783,0.015932485246288486,0.0012842680005492283
0.25453535631532354,0.015930544837621786,0.0010890084099672136
0.25463191990449924,0.015926758731153706,0.0009069761919410367
0.254728483493675,0.015921031061600813,0.0007395782212343441
0.2548250470828507,0.015913268411968943,0.0005880908891721027
0.2549216106720264,0.01590337990494265,0.00045365152590647176
0.25501817426120216,0.015891277289470714,0.0003372516036266293
0.25511473785037786,0.01587687502260593,0.00023973167281537782
0.25521130143955356,0.01586009034669022,0.00016177794714604724
0.25530786502872926,0.015840843361957985,0.00010392042240324602
0.255404428617905,0.015819057094657227,6.653239195845235e-05
0.2555009922070807,0.015794657560793245,4.983120655768299e-05
0.2555975557962564,0.01576757382559945,5.3880119813999026e-05
0.2556941193854322,0.015737738058854294,7.859106280034745e-05
0.2557906829746079,0.015705085586157498,0.00012372820104181767
0.2558872465637836,0.015669554936297413,0.00018891214418018982
0.2559838101529593,0.015631087884828476,0.0002736247014380558
0.25608037374213505,0.015589629493990498,0.0003772141032623441
0.25617693733131075,0.015545128149100624,0.0004989006394753663
0.25627350092048645,0.01549753559154423,0.0006377826950489803
0.2563700645096622,0.015446806948500464,0.0007928431943393519
0.2564666280988379,0.015392900759523563,0.0009629564914106629
0.2565631916880136,0.015335779000113365,0.0011468957661986223
0.25665975527718937,0.015275407102395845,0.001343341002200389
0.2567563188663651,0.0152117539730334,0.0015508876299315964
0.2568528824555408,0.015144792008484521,0.001768055920697284
0.2569494460447165,0.015074497107723954,0.001993301206877338
0.25704600963389224,0.015000848682528448,0.0022250249879529204
0.25714257322306794,0.014923829665434008,0.0024615869563705665
0.25723913681224364,0.014843426515457505,0.0027013179450223065
0.2573357004014194,0.01475962922167108,0.002942533759924925
0.2574322639905951,0.014672431304718925,0.0031835498193416153
0.2575288275797708,0.014581829816341227,0.0034226964760771246
0.2576253911689465,0.01448782533698421,0.003658334855151318
0.25772195475812226,0.014390421971553484,0.0038888729967696675
0.25781851834729796,0.014289627343363084,0.0041127820566868156
0.25791508193647367,0.014185452586330163,0.004328612284748004
0.2580116455256494,0.014077912335450572,0.004535008479431988
0.2581082091148251,0.013967024715590273,0.004730724603087116
0.25820477270400083,0.01385281132861219,0.004914637240278554
0.2583013362931766,0.01373529723886075,0.005085757590852219
0.2583978998823523,0.013614510957004028,0.005243241710022466
0.258494463471528,0.013490484422247274,0.005386398739552594
0.2585910270607037,0.013363252982902236,0.005514696915981693
0.25868759064987945,0.013232855375308467,0.005627767192485717
0.25878415423905515,0.013099333701086357,0.005725404368528876
0.25888071782823086,0.01296273340269587,0.0058075656839520874
0.2589772814174066,0.0128231032372777,0.005874366899215617
0.2590738450065823,0.012680495248737761,0.005926075948846979
0.259170408595758,0.012534964738036735,0.005963104318306674
0.2592669721849337,0.012386570231644536,0.005985996353201905
0.2593635357741095,0.012235373448106325,0.005995416761956807
0.2594600993632852,0.012081439262677076,0.00599213661681223
0.2595566629524609,0.011924835669960826,0.005977018191877897
0.25965322654163664,0.011765633744510333,0.005950998999755282
0.25974979013081234,0.011603907599314582,0.005915075399259671
0.25984635371998804,0.011439734342129325,0.0058702861457051465
0.2599429173091638,0.01127319402957574,0.0058176962422564725
0.2600394808983395,0.011104369618953969,0.005758381426558925
0.2601360444875152,0.010933346917707443,0.005693413592271604
0.2602326080766909,0.010760214530476122,0.005623847401632402
0.26032917166586667,0.01058506380367871,0.005550708294478805
0.26042573525504237,0.01040798876756326,0.005474982043269503
0.26052229884421807,0.010229086075672442,0.005397605944741479
0.2606188624333938,0.010048454941663659,0.005319461679245661
0.26071542602256953,0.00986619707343609,0.005241369810842077
0.26081198961174523,0.0096824166045113,0.005164085847174372
0.26090855320092093,0.009497220022627938,0.005088297730114466
0.2610051167900967,0.009310716095503048,0.005014624588003028
0.2611016803792724,0.009123015793724109,0.004943616549563019
0.2611982439684481,0.008934232210744734,0.004875755399345407
0.26129480755762385,0.008744480479948611,0.004811455845556164
0.26139137114679956,0.008553877688768705,0.004751067173481044
0.26148793473597526,0.008362542789838329,0.004694875071154906
0.261584498325151,0.008170596509170305,0.004643103437600182
0.2616810619143267,0.007978161251358433,0.004595916016591038
0.2617776255035024,0.007785361001804582,0.0045534177388345965
0.2618741890926781,0.007592321225983528,0.004515655700657284
0.2619707526818539,0.007399168765763445,0.004482619755525486
0.2620673162710296,0.007206031732805991,0.004454242743589522
0.2621638798602053,0.007013039399079338,0.004430400431530061
0.26226044344938104,0.006820322084529317,0.004410911277929867
0.26235700703855674,0.006628011041949619,0.004395536176038821
0.26245357062773245,0.006436238339117718,0.004383978354246433
0.26255013421690815,0.006245136738254802,0.00437588363330014
0.2626466978060839,0.0060548395728877175,0.00437084124720102
0.2627432613952596,0.005865480622196639,0.0043683854311701445
0.2628398249844353,0.005677193982936223,0.004367997964994282
0.26293638857361107,0.005490113939033164,0.0043691118338745555
0.26303295216278677,0.005304374828970969,0.0043711161325288
0.2631295157519625,0.005120110911073848,0.004373362293181388
0.26322607934113823,0.004937456226823957,0.004375171666031778
0.26332264293031393,0.004756544462341149,0.004375844424019542
0.26341920651948963,0.00457750880817235,0.004374669704630569
0.26351577010866534,0.004400481817544042,0.004370936842711793
0.2636123336978411,0.004225595263236409,0.004363947492385175
0.2637088972870168,0.004052979993251677,0.004353028385743152
0.2638054608761925,0.0038827657854528064,0.004337544433359674
0.26390202446536826,0.003715081201358322,0.004316911838858716
0.26399858805454396,0.003550053439290491,0.0042906108784207045
0.26409515164371966,0.0033878081870720176,0.004258197987382434
0.26419171523289536,0.0032284694744865944,0.004219316800600507
0.2642882788220711,0.0030721595257144465,0.004173707811092735
0.2643848424112468,0.0029189986119679116,0.004121216342129076
0.2644814060004225,0.0027691049045522596,0.00406179857042362
0.2645779695895983,0.0026225943285909025,0.003995525390814537
0.264674533178774,0.002479580417650461,0.003922583973888368
0.2647710967679497,0.0023401741695119604,0.0038432769351129294
0.26486766035712545,0.002204483903337852,0.0037580191046481365
0.26496422394630115,0.0020726151184863512,0.003667331958449791
0.26506078753547685,0.0019446703552289436,0.0035718358408735897
0.26515735112465255,0.0018207490576315469,0.0034722401741070913
0.2652539147138283,0.001700947438856685,0.003369331907998283
0.265350478303004,0.0015853583491508923,0.00326396251305795
0.2654470418921797,0.0014740711467782464,0.003157033857814277
0.26554360548135547,0.0013671715721614549,0.003049483337945927
0.2656401690705312,0.0012647416254927557,0.0029422686378458864
0.2657367326597069,0.0011668594480719093,0.0028363525051159364
0.2658332962488826,0.001073599207628662,0.0027326879051369165
0.26592985983805834,0.0009850309878823374,0.0026322038969978723
0.26602642342723404,0.0009012206825861892,0.0025357925348748903
0.26612298701640974,0.0008222298943009345,0.0024442970520686612
0.2662195506055855,0.0007481158381338687,0.0023585015303529086
0.2663161141947612,0.0006789312506741551,0.0022791221973574205
0.2664126777839369,0.0006147243043458924,0.002206800431944301
0.26650924137311266,0.0005555385273945748,0.0021420974945382367
0.26660580496228836,0.0005014127297086537,0.002085490938755215
0.26670236855146406,0.00045238093467236175,0.002037372604913959
0.26679893214063977,0.0004084723172311973,0.0019980480473559847
0.2668954957298155,0.0003697111483413705,0.001967737207859025
0.2669920593189912,0.00033611674596118184,0.0019465761182899616
0.26708862290816693,0.0003077034327288706,0.0019346193980262227
0.2671851864973427,0.00028448050045810604,0.001931843306054582
0.2672817500865184,0.0002664521815658919,0.0019381491139683037
0.2673783136756941,0.00025361762753471596,0.0019533665837349794
0.2674748772648698,0.0002459708944925032,0.001977257361963883
0.26757144085404555,0.00024350093597941665,0.002009518138919501
0.26766800444322125,0.00024619160295315517,0.0020497834637396334
0.26776456803239695,0.000254021651066591,0.002097628154993102
0.26786113162157266,0.00026696475523599875,0.0021525692954279265
0.2679576952107484,0.00028498953149891295,0.0022140678490104758
0.2680542587999241,0.0003080595661433428,0.0022815299846746934
0.2681508223890998,0.0003361334520733865,0.0023543082322712177
0.2682473859782756,0.0003691648323567722,0.002431702629954987
0.2683439495674513,0.0004071024508837934,0.0025129620469471186
0.268440513156627,0.00044989021004881655,0.0025972858799578856
0.2685370767458027,0.0004974672353481065,0.002683826324723781
0.26863364033497844,0.0005497679467720005,0.0027716914157986253
0.26873020392415414,0.0006067221368510974,0.0028599490081790795
0.26882676751332985,0.000668255055202149,0.0029476318443073394
0.2689233311025056,0.0007342874994022521,0.0030337438107425094
0.2690198946916813,0.0008047359120055391,0.0031172674420418722
0.269116458280857,0.0008795124835034746,0.003197172677228072
0.26921302187003276,0.0009585252610136526,0.0032724268189903765
0.26930958545920847,0.0010416782624735135,0.0033420055899904782
0.26940614904838417,0.0011288715960986488,0.0034049051268969987
0.26950271263755987,0.0012200015848590838,0.0034601547035031668
0.26959927622673563,0.0013149608957131304,0.003506829931815419
0.26969583981591133,0.0014136386733325532,0.003544066156274139
0.26979240340508703,0.001515920678042634,0.003571071732867558
0.2698889669942628,0.001621689427694412,0.00358714087293268
0.2699855305834385,0.0017308243431804103,0.0035916657314513374
0.2700820941726142,0.0018432018973018368,0.0035841474317077067
0.2701786577617899,0.0019586957666874764,0.0035642057417553234
0.27027522135096566,0.00207717698646763,0.003531587152251882
0.27037178494014136,0.0021985141073978557,0.003486171148429121
0.27046834852931706,0.002322573355134826,0.003427974519444899
0.2705649121184928,0.0024492187913590924,0.0033571536040617684
0.2706614757076685,0.0025783124764449258,0.003274004430240394
0.2707580392968442,0.002709714633384052,0.0031789607655070707
0.27085460288602,0.0028432838126617468,0.003072590152573491
0.2709511664751957,0.0029788770578022777,0.002955588058457581
0.2710477300643714,0.0031163500712953394,0.002828770313339495
0.2711442936535471,0.0032555573806257814,0.002693064055890705
0.27124085724272284,0.003396352504135879,0.0025494974334929876
0.27133742083189855,0.003538588116454259,0.002399188327649604
0.27143398442107425,0.0036821162132380713,0.002243332386421011
0.27153054801025,0.0038267882749796764,0.0020831906467565636
0.2716271115994257,0.0039724554296397575,0.0019200770203907295
0.2717236751886014,0.004118968613882058,0.0017553458982199478
0.2718202387777771,0.004266178732689589,0.0015903801007948815
0.27191680236695287,0.004413936817156808,0.0014265793681064248
0.27201336595612857,0.004562094180261661,0.0012653495418642536
0.2721099295453043,0.004710502570435627,0.0011080925497580843
0.27220649313448003,0.0048590143227535115,0.0009561972557607785
0.27230305672365573,0.005007482507586832,0.0008110311953515104
0.27239962031283144,0.005155761076569474,0.0006739331716162714
0.2724961839020072,0.005303705005733401,0.0005462066493740532
0.2725927474911829,0.00545117043569449,0.0004291138514485801
0.2726893110803586,0.005598014808765405,0.0003238704353572128
0.2727858746695343,0.005744097002898903,0.00023164061108935834
0.27288243825871006,0.005889277462361186,0.00015353255196957517
0.27297900184788576,0.006033418325056427,9.059395112892344e-05
0.27307556543706146,0.006176383546431435,4.380758567035388e-05
0.2731721290262372,0.0063180390198940665,1.408676864245072e-05
0.2732686926154129,0.006458252693696969,2.2705944513266326e-06
0.2733652562045886,0.006596894684240663,9.118915016711697e-06
0.2734618197937643,0.006733837385764377,3.5307020204349355e-05
0.2735583833829401,0.006868955576394786,8.142003500498002e-05
0.2736549469721158,0.007002126520537662,0.0001479470856192762
0.2737515105612915,0.007133230067602418,0.00023527532503962302
0.27384807415046725,0.007262148747050268,0.0003436839439348531
0.27394463773964295,0.007388767859776029,0.0004733383228309525
0.27404120132881865,0.007512975565825403,0.0006242845051409185
0.2741377649179944,0.0076346629684658565,0.0007964441862409529
0.2742343285071701,0.0077537241946256195,0.0009896104205876343
0.2743308920963458,0.007870056471728205,0.0012034442462921355
0.2744274556855215,0.007983560200944317,0.0014374724145253862
0.2745240192746973,0.008094139026893288,0.001691086389984516
0.274620582863873,0.00820169990382572,0.0019635427591776482
0.2747171464530487,0.008306153158323604,0.002253965146694226
0.27481371004222443,0.00840741254855098,0.002561347697435318
0.27491027363140014,0.008505395320097397,0.0028845601368261346
0.27500683722057584,0.008600022258449655,0.0032223543733383023
0.27510340080975154,0.008691217738133793,0.0035733725603098363
0.2751999643989273,0.008778909768563891,0.003936156489239595
0.275296527988103,0.008863030036642822,0.004309158146429116
0.2753930915772787,0.00894351394614628,0.004690751230900227
0.27548965516645446,0.009020300653937302,0.0050792434054480915
0.27558621875563016,0.009093333103039655,0.005472889035683305
0.27568278234480587,0.009162558052614993,0.005869902164685001
0.2757793459339816,0.009227926104870644,0.006268469473718769
0.2758759095231573,0.009289391728936919,0.006666762992186334
0.275972473112333,0.009346913281740818,0.007062952341859223
0.27606903670150873,0.009400453025909307,0.007455216330447694
0.2761656002906845,0.009449977144726234,0.007841753746180147
0.2762621638798602,0.009495455754167676,0.008220793246539012
0.2763587274690359,0.009536862912043339,0.008590602278636278
0.27645529105821165,0.009574176624258076,0.008949495013803557
0.27655185464738735,0.009607378848216193,0.009295839322706341
0.27664841823656305,0.009636455493383362,0.009628062857628688
0.27674498182573876,0.009661396419021204,0.009944658343664902
0.2768415454149145,0.009682195429104054,0.010244188208797213
0.2769381090040902,0.009698850264428531,0.010525288703004074
0.2770346725932659,0.009711362591926679,0.010786673667740443
0.2771312361824417,0.009719737991182606,0.011027138118938974
0.2772277997716174,0.009723985938161787,0.011245561799097002
0.2773243633607931,0.009724119786152162,0.011440912837491667
0.27742092694996884,0.009720156743921465,0.011612251632918826
0.27751749053914454,0.00971211785108448,0.011758735041863817
0.27761405412832024,0.009700027950684949,0.01187962091817131
0.27771061771749594,0.009683915658985003,0.011974273009869208
0.2778071813066717,0.009663813332460395,0.012042166176778593
0.2779037448958474,0.009639757031997216,0.01208289185087329
0.2780003084850231,0.009611786484284013,0.012096163622029794
0.27809687207419886,0.00957994504039757,0.012081822796700491
0.27819343566337457,0.00954427963157331,0.012039843747804544
0.27828999925255027,0.009504840722159043,0.011970338852180273
0.27838656284172597,0.009461682259747039,0.011873562798337631
0.27848312643090173,0.009414861622477648,0.011749916042705076
0.27857969002007743,0.009364439563517115,0.011599947197394617
0.27867625360925313,0.00931048015270262,0.011424354146597229
0.2787728171984289,0.009253050715357593,0.011223983711610154
0.2788693807876046,0.009192221768277033,0.010999829715330924
0.2789659443767803,0.009128066952885427,0.010753029334636252
0.27906250796595605,0.00906066296557351,0.010484857672018892
0.27915907155513175,0.008990089485219217,0.010196720524484369
0.27925563514430746,0.008916429097905172,0.009890145376294473
0.27935219873348316,0.008839767218841874,0.009566770690831367
0.2794487623226589,0.008760192011515906,0.009228333623865992
0.2795453259118346,0.008677794304077134,0.00887665632407872
0.2796418895010103,0.008592667502991676,0.008513631025277631
0.2797384530901861,0.008504907503982594,0.008141204166987789
0.2798350166793618,0.008414612600291922,0.0077613598048297755
0.2799315802685375,0.008321883388291101,0.007376102588582773
0.2800281438577132,0.008226822670486555,0.006987440593511838
0.28012470744688894,0.008129535355956799,0.0065973682892969
0.28022127103606465,0.008030128358269497,0.006207849920911333
0.28031783462524035,0.007928710490933416,0.005820803557607589
0.2804143982144161,0.007825392360438279,0.00543808604059856
0.2805109618035918,0.007720286256951123,0.005061479028224046
0.2806075253927675,0.007613506042730616,0.004692676300696402
0.28070408898194327,0.0075051670383386535,0.004333272446518906
0.28080065257111897,0.0073953859067272375,0.0039847530109710745
0.28089721616029467,0.007284280535283354,0.003648486145418417
0.2809937797494704,0.007171969915928401,0.003325715756280776
0.28109034333864613,0.007058574023364952,0.003017556115882378
0.28118690692782183,0.006944213691578694,0.0027249878655022913
0.28128347051699754,0.006829010488701767,0.0024488553149339463
0.2813800341061733,0.006713086590357437,0.0021898649236263795
0.281476597695349,0.0065965646516057625,0.0019485848365482065
0.2815731612845247,0.0064795676776202875,0.0017254453435172647
0.2816697248737004,0.006362218893231862,0.0015207401336735512
0.28176628846287616,0.006244641611477708,0.001334628226533409
0.28186285205205186,0.006126959101306573,0.0011671364767862537
0.28195941564122756,0.006009294454590044,0.0010181625705558024
0.2820559792304033,0.005891770452600389,0.0008874784548632437
0.282152542819579,0.005774509432120383,0.0007747341679918084
0.2822491064087547,0.005657633151351398,0.0006794620647332593
0.2823456699979305,0.005541262655799052,0.0006010814554975366
0.2824422335871062,0.005425518144313001,0.0005389037004304416
0.2825387971762819,0.005310518835466053,0.0004921378176283314
0.2826353607654576,0.005196382834461848,0.0004598966770936657
0.28273192435463335,0.0050832270007613554,0.0004412038583390501
0.28282848794380905,0.0049711668166264825,0.00043500124895479706
0.28292505153298475,0.004860316256776104,0.0004401574537890763
0.2830216151221605,0.004750787659357919,0.0004554770697850205
0.2831181787113362,0.004642691598437331,0.0004797108604939177
0.2832147423005119,0.00453613675821052,0.0005115668376655287
0.2833113058896876,0.004431229809141427,0.0005497222262479155
0.2834078694788634,0.0043280752862349895,0.000592836254985894
0.2835044330680391,0.004226775469646428,0.0006395636791373368
0.2836009966572148,0.004127430267833579,0.000688568906283956
0.28369756024639053,0.004030137103454148,0.0007385405624556248
0.28379412383556624,0.0039349908022102255,0.0007882063054243941
0.28389068742474194,0.003842083484833908,0.0008363476665062555
0.2839872510139177,0.003751504462413222,0.0008818146827812194
0.2840838146030934,0.0036633401352459114,0.0009235400692782952
0.2841803781922691,0.003577673895405708,0.0009605526760253875
0.2842769417814448,0.003494586033203532,0.0009919899782420657
0.28437350537062056,0.003414153647714956,0.0010171093593248476
0.28447006895979626,0.0033364505615434688,0.001035297965239318
0.28456663254897197,0.0032615472399765855,0.0010460809348040898
0.2846631961381477,0.0031895107146883666,0.0010491278421321025
0.2847597597273234,0.003120404512131438,0.0010442572239898128
0.2848563233164991,0.0030542885867505887,0.0010314391046698308
0.28495288690567483,0.0029912192591451912,0.0010107954726861176
0.2850494504948506,0.002931249159291332,0.0009825987056918167
0.2851460140840263,0.002874427174930197,0.0009472679810486008
0.285242577673202,0.002820798405212394,0.0009053637480673587
0.28533914126237775,0.0027704041196814364,0.00085758037291537
0.28543570485155345,0.002723281722663152,0.0008047370975221502
0.28553226844072915,0.002679464723120644,0.0007477674787622284
0.2856288320299049,0.00263898271001686,0.0006877074932249612
0.2857253956190806,0.0026018613332191272,0.000625682505752936
0.2858219592082563,0.0025681222899626268,0.0005628933066644008
0.285918522797432,0.0025377833168819084,0.0005006014234350262
0.2860150863866078,0.0025108581876022626,0.00044011390811189976
0.2861116499757835,0.00248735671587207,0.00038276779256879245
0.2862082135649592,0.002467284764205481,0.0003299143907575649
0.28630477715413494,0.00245064425798856,0.00028290361135858066
0.28640134074331064,0.0024374332049942058,0.00024306842673840818
0.28649790433248634,0.002427645720234223,0.00021170962597512086
0.28659446792166204,0.0024212720560689784,0.00019008096195661625
0.2866910315108378,0.002418298637479818,0.00017937478616584124
0.2867875951000135,0.00241870810240174,0.0001807082505857838
0.2868841586891892,0.002422479346998783,0.00019511014485891097
0.28698072227836496,0.0024295875757580714,0.0002235084288955065
0.28707728586754067,0.00244000435626545,0.0002667185167952206
0.28717384945671637,0.002453697678519276,0.00032543236723399003
0.2872704130458921,0.0024706320186257966,0.0004002084381489006
0.28736697663506783,0.002490768406716049,0.000491462569163744
0.28746354022424353,0.00251406449891276,0.0005994598630729219
0.28756010381341923,0.00254047465317205,0.0007243076469927257
0.287656667402595,0.0025699500088140394,0.0008659496035198702
0.2877532309917707,0.002602438569556383,0.0010241611713457152
0.2878497945809464,0.002637885289855295,0.0011985463221658905
0.28794635817012215,0.0026762321643555623,0.0013885358253370747
0.28804292175929785,0.002717418320250194,0.0015933871126083757
0.28813948534847356,0.0027613801123427856,0.0018121858515440612
0.28823604893764926,0.0028080512206085217,0.0020438493273507363
0.288332612526825,0.002857362750044098,0.0022871317183301345
0.2884291761160007,0.0029092433326000024,0.0025406313299628225
0.2885257397051764,0.0029636192309857425,0.0028027998268816247
0.2886223032943522,0.0030204144441394803,0.0030719534711545382
0.2887188668835279,0.0030795508141590634,0.0033462863401095
0.2888154304727036,0.0031409481344851315,0.0036238854584139946
0.28891199406187934,0.003204524259139646,0.003902747738436329
0.28900855765105504,0.0032701952128169147,0.004180798581494368
0.28910512124023074,0.003337875301635236,0.004455911951862884
0.28920168482940645,0.0034074772243573134,0.004725931696906351
0.2892982484185822,0.0034789121838925048,0.004988693851877686
0.2893948120077579,0.0035520899989021446,0.005242049638155019
0.2894913755969336,0.0036269192153316593,0.005483888840132477
0.28958793918610937,0.003703307217699408,0.0057121632296321554
0.28968450277528507,0.0037811603399804205,0.005924909698198185
0.28978106636446077,0.0038603839759293102,0.006120272757366572
0.2898776299536365,0.0039408826886903345,0.006296526075007575
0.28997419354281223,0.004022560319555061,0.006452092731826435
0.29007075713198793,0.004105320095731265,0.0065855639055155835
0.29016732072116364,0.004189064736995434,0.006695715719997566
0.2902638843103394,0.004273696561108469,0.006781524032602723
0.2903604478995151,0.004359117587883733,0.006842176971623458
0.2904570114886908,0.0044452296418009485,0.006877085079101305
0.29055357507786655,0.004531934453070455,0.006885888957489699
0.29065013866704226,0.004619133757057084,0.00686846436259511
0.29074670225621796,0.004706729391983425,0.006824924727579246
0.29084326584539366,0.004794623394837994,0.006755621142583556
0.2909398294345694,0.0048827180954201166,0.006661139850691922
0.2910363930237451,0.0049709162084644,0.006542297352628976
0.2911329566129208,0.005059120923791825,0.0064001332392154804
0.2912295202020966,0.00514723599444062,0.006235900891821181
0.2913260837912723,0.005235165822740582,0.006051056206770088
0.291422647380448,0.005322815544297039,0.005847244510020027
0.2915192109696237,0.005410091109860236,0.005626285833819935
0.29161577455879945,0.005496899365056857,0.005390158728029952
0.29171233814797515,0.005583148127974705,0.005140982776075668
0.29180890173715085,0.005668746264586875,0.004880999980000386
0.2919054653263266,0.005753603762013319,0.004612555171653663
0.2920020289155023,0.005837631799622625,0.004338075598735498
0.292098592504678,0.005920742817975409,0.004060049826111541
0.29219515609385377,0.006002850585623509,0.003781006085445459
0.29229171968302947,0.006083870263773605,0.003503490200530136
0.2923882832722052,0.006163718468835354,0.0032300432124041656
0.2924848468613809,0.006242313332872349,0.002963178827884453
0.29258141045055663,0.006319574561978746,0.002705360817785648
0.29267797403973234,0.0063954234926047225,0.002458980496945466
0.29277453762890804,0.0064697831458609455,0.0022263344269975774
0.2928711012180838,0.0065425782798286605,0.002009602494324652
0.2929676648072595,0.006613735439903082,0.0018108265291435306
0.2930642283964352,0.00668318300720706,0.0016318896464564247
0.2931607919856109,0.0067508512451006294,0.0014744965047378599
0.29325735557478666,0.006816672343823059,0.0013401546926433124
0.29335391916396236,0.006880580463296926,0.0012301574666096439
0.29345048275313806,0.006942511774128571,0.0011455680718515323
0.2935470463423138,0.007002404496835596,0.0010872058848148236
0.2936436099314895,0.007060198939332739,0.0010556346156395124
0.2937401735206652,0.007115837532705889,0.001051152803735332
0.293836737109841,0.007169264865305042,0.0010737868275290474
0.2939333006990167,0.00722042771518228,0.0011232866303584961
0.2940298642881924,0.0072692750809004066,0.0011991243382394462
0.2941264278773681,0.007315758210738733,0.0013004959119357951
0.29422299146654385,0.007359830630315898,0.0014263259359044498
0.29431955505571955,0.007401448168651009,0.0015752756010005353
0.29441611864489525,0.007440568982682625,0.0017457538873809108
0.294512682234071,0.007477153580256897,0.0019359319001187997
0.2946092458232467,0.007511164841602814,0.0021437602541416866
0.2947058094124224,0.007542568039300475,0.0023669893488866257
0.2948023730015982,0.0075713308567550005,0.002603192318221331
0.2948989365907739,0.007597423405174128,0.0028497903894599452
0.2949955001799496,0.007620818239059876,0.003104080338327793
0.2950920637691253,0.007641490370207278,0.0033632636859904385
0.29518862735830104,0.007659417280208414,0.003624477251053843
0.29528519094747674,0.007674578931458471,0.0038848246447348946
0.29538175453665244,0.007686957776649278,0.004141408281896154
0.2954783181258282,0.007696538766744336,0.004391361474637849
0.2955748817150039,0.0077033093574155305,0.0046318801786469415
0.2956714453041796,0.007707259513929564,0.004860253975125331
0.2957680088933553,0.007708381714460195,0.005073895892138248
0.29586457248253106,0.007706670951807356,0.005270370697696335
0.29596113607170677,0.007702124733498197,0.00544742133155515
0.29605769966088247,0.007694743080242654,0.005602993182233552
0.2961542632500582,0.007684528522718032,0.00573525595861135
0.2962508268392339,0.007671486096649212,0.00584262295020035
0.29634739042840963,0.007655623336158257,0.005923767515285344
0.2964439540175854,0.007636950265343659,0.005977636680294429
0.2965405176067611,0.0076154793880634265,0.006003461775743292
0.2966370811959368,0.0075912256758799545,0.006000766072967467
0.2967336447851125,0.007564206554137736,0.005969369420808346
0.29683020837428825,0.007534441886133354,0.005909389912017473
0.29692677196346395,0.007501953955344901,0.005821242635106142
0.29702333555263966,0.007466767445685252,0.005705635588764115
0.2971198991418154,0.007428909419742385,0.005563562853028995
0.2972164627309911,0.007388409294975457,0.005396295124596673
0.2973130263201668,0.0073452988178303,0.005205367733638248
0.2974095899093425,0.007299612035745643,0.004992566267003231
0.2975061534985183,0.00725138526701922,0.0047599099285737315
0.297602717087694,0.0072006570685048095,0.004509632772628487
0.2976992806768697,0.007147468201115947,0.004244162951255131
0.29779584426604544,0.007091861593113821,0.003966100122833618
0.29789240785522114,0.007033882301159169,0.0036781911760810004
0.29798897144439684,0.006973577469110553,0.0033833044335819288
0.2980855350335726,0.006910996284558892,0.0030844025104528675
0.2981820986227483,0.006846189933086929,0.002784514017892663
0.298278662211924,0.006779211550249664,0.0024867043177796417
0.2983752258010997,0.006710116171277215,0.002194045552836553
0.29847178939027547,0.0066389606785016144,0.001909586196665544
0.29856835297945117,0.006565803746520507,0.0016363203884491963
0.29866491656862687,0.006490705785109229,0.001377157337382048
0.29876148015780263,0.0064137288799053635,0.0011348911009643576
0.29885804374697833,0.006334936730888522,0.0009121710580055842
0.29895460733615403,0.0062543945886895,0.0007114734104327226
0.29905117092532973,0.006172169188764965,0.0005350740566505228
0.2991477345145055,0.0060883286834832245,0.00038502318221847167
0.2992442981036812,0.0060029425721717135,0.00026312191009264806
0.2993408616928569,0.005916081629179371,0.00017090134192400123
0.29943742528203265,0.005827817830023495,0.00010960430344165738
0.29953398887120836,0.005738224275682981,8.017008059191612e-05
0.29963055246038406,0.005647375115121188,8.322239897901811e-05
0.2997271160495598,0.005555345466114044,0.00011906085770574343
0.2998236796387355,0.0054622113344782565,0.00018765598070848386
0.2999202432279112,0.005368049531789735,0.0002886479951959657
0.3000168068170869,0.005272937591695576,0.0004213493891694015
0.3001133704062627,0.005176953684927655,0.0005847512397904742
0.3002099339954384,0.0050801765331257775,0.0007775332432765938
0.3003064975846141,0.0049826853215958825,0.0009980773168509597
0.30040306117378984,0.0048845596111191415,0.0012444845858357646
0.30049962476296554,0.004785879248947086,0.0015145955159900789
0.30059618835214125,0.004686724279110378,0.0018060129041867945
0.30069275194131695,0.004587174852183151,0.0021161274008255925
0.3007893155304927,0.004487311134642063,0.002442145206013364
0.3008858791196684,0.004387213217964005,0.002781117559159081
0.3009824427088441,0.004286961027614111,0.003129971628560731
0.30107900629801987,0.004186634232071392,0.0034855424036771953
0.30117556988719557,0.004086312152046293,0.0038446051976673353
0.3012721334763713,0.003986073670045848,0.00420390838061081
0.30136869706554703,0.0038859971404404843,0.004560205983511994
0.30146526065472273,0.0037861603001918365,0.004910289838420391
0.30156182424389844,0.0036866401803946824,0.005251020949278169
0.30165838783307414,0.003587513018794294,0.005579359819871641
0.3017549514222499,0.003488854173430927,0.005892395497956482
0.3018515150114256,0.0033907380375683494,0.006187373126775565
0.3019480786006013,0.0032932379560573276,0.00646171982545224
0.30204464218977706,0.003196426143286083,0.0067130687470223546
0.30214120577895276,0.00310037360286185,0.00693928118632442
0.30223776936812846,0.003005150049170038,0.007138466629037181
0.30233433295730416,0.002910823830948904,0.007309000647622577
0.3024308965464799,0.002817461857015076,0.007449540559883875
0.3025274601356556,0.0027251295242708877,0.007559038771664081
0.3026240237248313,0.0026338906481167346,0.007636753727558201
0.3027205873140071,0.0025438073953896628,0.007682258393283932
0.3028171509031828,0.002454940219939392,0.0076954461915952534
0.3029137144923585,0.0023673478009479214,0.0076765343115403
0.30301027808153425,0.0022810869840934386,0.007626064309638538
0.30310684167070995,0.002196212725649117,0.0075448999224592755
0.30320340525988565,0.0021127780396023987,0.007434222014168527
0.30329996884906135,0.0020308339478714932,0.007295520590947588
0.3033965324382371,0.001950429433687791,0.007130583827530612
0.3034930960274128,0.001871611398205354,0.006941484070033822
0.3035896596165885,0.0017944246203902465,0.00673056080409202
0.30368622320576427,0.0017189117202329133,0.006500400608107793
0.30378278679494,0.001645113125322034,0.006253814147866709
0.3038793503841157,0.0015730670408044684,0.005993810310419675
0.3039759139732914,0.0015028094227526702,0.005723567621105526
0.30407247756246714,0.0014343739549499306,0.005446403136887912
0.30416904115164284,0.0013677920290949353,0.0051657390605593335
0.30426560474081854,0.001303092728422336,0.004885067372348378
0.3043621683299943,0.0012403028147240365,0.004607912826584197
0.30445873191917,0.001179446718751339,0.004337794709603975
0.3045552955083457,0.0011205465339687564,0.004078187799442976
0.30465185909752146,0.001063622013623722,0.0038324830063482715
0.30474842268669716,0.0010086905710898796,0.0036039482042730642
0.30484498627587286,0.0009557672834332733,0.00339568978581258
0.30494154986504857,0.0009048648981466806,0.0032106154853152
0.3050381134542243,0.0008559938429898272,0.003051399016151394
0.3051346770434,0.0008091622388677027,0.0029204470576810293
0.30523124063257573,0.0007643759156745401,0.002819869104942352
0.3053278042217515,0.0007216384310250677,0.002751450659525296
0.3054243678109272,0.0006809510917925514,0.00271663019388942
0.3055209314001029,0.0006423129783649421,0.0027164802643183596
0.3056174949892786,0.0006057209715317741,0.0027516930809987307
0.30571405857845435,0.0005711697819066529,0.0028225707688845766
0.30581062216763005,0.0005386519817910721,0.0029290204719815234
0.30590718575680576,0.0005081580393797999,0.0030705543685901325
0.3060037493459815,0.0004796763552088729,0.003246294578219069
0.3061003129351572,0.00045319330074332603,0.003454982854799925
0.3061968765243329,0.00042869325900191395,0.0036949948779185986
0.3062934401135087,0.0004061586671153777,0.003964358876421303
0.3063900037026844,0.00038557006071290374,0.004260778249108958
0.3064865672918601,0.00036690612003377346,0.00458165778719939
0.3065831308810358,0.0003501437176588793,0.004924133054299815
0.30667969447021154,0.00033525796775956497,0.005285102442915445
0.30677625805938724,0.00032222227676042224,0.00566126140258872
0.30687282164856294,0.0003110083953154443,0.006049138323755762
0.3069693852377387,0.0003015864714968348,0.0064451315629033825
0.3070659488269144,0.0002939251050992719,0.006845547107812579
0.3071625124160901,0.0002879914029622443,0.007246636405261382
0.3072590760052658,0.0002837510352174646,0.007644633905967775
0.30735563959444157,0.00028116829236914326,0.00803579392092387
0.30745220318361727,0.0002802061431176076,0.008416426427531952
0.30754876677279297,0.0002808262928406738,0.008782931511108687
0.3076453303619687,0.00028298924264758435,0.009131832175213336
0.30774189395114443,0.0002866543489260944,0.009459805301086366
0.30783845754032013,0.0002917798833032186,0.009763710580451172
0.3079350211294959,0.0002983230929458175,0.010040617285668782
0.3080315847186716,0.00030624026112835667,0.010287828775647368
0.3081281483078473,0.00031548676799892945,0.010502904664241064
0.308224711897023,0.0003260171514778283,0.010683680599814158
0.30832127548619875,0.000337785168225583,0.010828285620202197
0.30841783907537446,0.0003507438546205701,0.010935157056840242
0.30851440266455016,0.00036484558768906336,0.011003052966071833
0.3086109662537259,0.0003800421459336987,0.01103106206550718
0.3087075298429016,0.0003962847700088035,0.011018611149960965
0.3088040934320773,0.0004135242231939906,0.010965469956242186
0.308900657021253,0.00043171085161924195,0.010871753440250426
0.3089972206104288,0.0004507946441990115,0.010737921424841989
0.3090937841996045,0.00047072529223230543,0.010564775574027593
0.3091903477887802,0.000491452248631043,0.010353453649462692
0.30928691137795594,0.0005129247867384407,0.0101054210098705
0.30938347496713164,0.0005350920587024627,0.009822459323764327
0.30948003855630735,0.0005579031533715316,0.009506652481165702
0.3095766021454831,0.0005813071536795114,0.009160369711150244
0.3096731657346588,0.0006052531934899919,0.008786245939000336
0.3097697293238345,0.0006296905138716451,0.008387159449119193
0.3098662929130102,0.0006545685187750025,0.007966206957097027
0.30996285650218597,0.0006798368300854155,0.007526676235493247
0.31005942009136167,0.0007054453420248514,0.007072016481940409
0.3101559836805374,0.0007313442748778454,0.006605806663717282
0.31025254726971313,0.0007574842280172049,0.006131722118578546
0.31034911085888883,0.0007838162322036063,0.005653499735713221
0.31044567444806453,0.0008102918011369192,0.005174902081690236
0.31054223803724024,0.0008368629822345227,0.004699680872466159
0.310638801626416,0.0008634824066121019,0.00423154022248238
0.3107353652155917,0.0008901033382452205,0.003774100124171818
0.3108319288047674,0.0009166797222851627,0.0033308606246298554
0.31092849239394316,0.0009431662325071092,0.002905167169901746
0.31102505598311886,0.0009695183178645032,0.0025001775806539374
0.31112161957229456,0.0009956922481258322,0.0021188311057256516
0.3112181831614703,0.0010216451585675862,0.0017638199723206353
0.311314746750646,0.00104733509369864,0.0014375638139448
0.3114113103398217,0.0010727210499877488,0.00114218731052779
0.3115078739289974,0.0010977630175698768,0.0008795013207994208
0.3116044375181732,0.0011224220209002434,0.0006509877264808818
0.3117010011073489,0.001146660158330797,0.000457788143065033
0.3117975646965246,0.0011704406405783296,0.0003006965848964639
0.31189412828570034,0.0011937278280550806,0.00018015610501446268
0.31199069187487605,0.0012164872670315681,9.625936484941076e-05
0.31208725546405175,0.0012386857246000078,4.875302732700427e-05
0.31218381905322745,0.001260291222408281,3.7045810974556554e-05
0.3122803826424032,0.0012812730691299028,6.021999368805172e-05
0.3123769462315789,0.0013016018916396934,0.00011704611401182235
0.3124735098207546,0.0013212496648605985,0.00020600058579531218
0.31257007340993037,0.001340189740248078,0.00032528591919844834
0.3126666369991061,0.0013583968728794371,0.0004728532270633381
0.3127632005882818,0.0013758472471118639,0.0006464266901125413
0.31285976417745753,0.001392518500777409,0.0008435296563607222
0.31295632776663324,0.0014083897478779398,0.0010615120583555896
0.31305289135580894,0.0014234415997480846,0.0012975788449968266
0.31314945494498464,0.0014376561846505716,0.0015488191411958188
0.3132460185341604,0.0014510171657705188,0.0018122358669917672
0.3133425821233361,0.0014635097575750717,0.002084775566460866
0.3134391457125118,0.0014751207405061752,0.0023633582144863678
0.31353570930168756,0.0014858384739732512,0.0026449067851131197
0.31363227289086326,0.0014956529076147738,0.002926376377933401
0.31372883648003896,0.0015045555907984827,0.0032047827082313986
0.31382540006921467,0.0015125396803304999,0.0034772297722625027
0.3139219636583904,0.0015195999463460288,0.0037409365012246423
0.3140185272475661,0.0015257327763534769,0.0039932622166481664
0.31411509083674183,0.0015309361774093005,0.004231730696848511
0.3142116544259176,0.0015352097763977417,0.004454052659730163
0.3143082180150933,0.0015385548183963972,0.004658146462732826
0.314404781604269,0.0015409741631068157,0.004842156817322962
0.31450134519344475,0.0015424722793338395,0.005004471314371651
0.31459790878262045,0.0015430552374996746,0.005143734559264545
0.31469447237179615,0.0015427307001789426,0.00525885972266244
0.31479103596097185,0.0015415079106486703,0.005349037325385185
0.3148875995501476,0.0015393976794430618,0.005413741094535853
0.3149841631393233,0.0015364123689140879,0.005452730753057868
0.315080726728499,0.0015325658757939773,0.005466051636463566
0.3151772903176748,0.0015278736117668675,0.005454031068226894
0.3152738539068505,0.001522352482053522,0.00541727146869092
0.3153704174960262,0.0015160208620214263,0.005356640220461073
0.3154669810852019,0.0015088985718347385,0.005273256364981904
0.31556354467437764,0.0015010068491611332,0.005168474259023664
0.31566010826355334,0.0014923683199600706,0.005043864374603545
0.31575667185272904,0.0014830069673756557,0.004901191479856446
0.3158532354419048,0.0014729480987683715,0.004742390489872341
0.3159497990310805,0.0014622183109173072,0.004569540323898291
0.3160463626202562,0.0014508454534335293,0.004384836147000599
0.31614292620943196,0.00143885859042784,0.004190560408837575
0.31623948979860766,0.0014262879604791795,0.003989053118377237
0.31633605338778337,0.0014131649349583334,0.0037826818101552922
0.31643261697695907,0.0013995219747595115,0.0035738116643096065
0.3165291805661348,0.0013853925855035732,0.0033647762386697375
0.31662574415531053,0.001370811271275821,0.003157849256575224
0.31672230774448623,0.0013558134869663986,0.002955217869075463
0.316818871333662,0.0013404355892887672,0.002758957775361068
0.3169154349228377,0.0013247147865495974,0.0025710105416348254
0.3170119985120134,0.001308689087252695,0.0023931634074298904
0.3171085621011891,0.001292397247620244,0.002227031811174539
0.31720512569036485,0.0012758787181181206,0.0020740448053679435
0.31730168927954056,0.0012591735890766047,0.0019354334679889003
0.31739825286871626,0.0012423225354997243,0.0018122223527618816
0.317494816457892,0.0012253667611591195,0.0017052239586529904
0.3175913800470677,0.0012083479420718277,0.001615036140422828
0.3176879436362434,0.0011913081694615998,0.001542042329018464
0.3177845072254192,0.001174289892307948,0.0014864143845804893
0.3178810708145949,0.0011573358595863064,0.0014481178671251573
0.3179776344037706,0.0011404890623049268,0.0014269194814138344
0.3180741979929463,0.0011237926754456707,0.0014223964336409134
0.31817076158212204,0.0011072899999143445,0.0014339474284066117
0.31826732517129774,0.0010910244046099006,0.00146080503467349
0.31836388876047345,0.0010750392687167317,0.001502049158274944
0.3184604523496492,0.0010593779243299865,0.0015566213749774447
0.3185570159388249,0.0010440835995161758,0.0016233399006933854
0.3186535795280006,0.0010291993619151796,0.001700915002603383
0.3187501431171763,0.0010147680629865401,0.0017879646848998527
0.31884670670635207,0.0010008322829990527,0.0018830305138090165
0.31894327029552777,0.0009874342768631979,0.0019845934767034187
0.31903983388470347,0.0009746159209003211,0.0020910897977992676
0.31913639747387923,0.0009624186606424469,0.0022009266567051137
0.31923296106305493,0.0009508834597491939,0.0023124977747199754
0.31932952465223063,0.000940050750128476,0.002424198846406907
0.3194260882414064,0.0009299603833403846,0.0025344428000611025
0.3195226518305821,0.0009206515833606387,0.0026416748701091754
0.3196192154197578,0.0009121629007753275,0.002744387457463017
0.3197157790089335,0.0009045321684728897,0.0028411347409893566
0.31981234259810926,0.0008977964588948469,0.0029305469855068944
0.31990890618728496,0.0008919920429004214,0.0030113444702656446
0.32000546977646066,0.0008871543502958852,0.0030823509381442938
0.3201020333656364,0.0008833179320719011,0.0031425064413697244
0.3201985969548121,0.0008805164243883037,0.0031908794360555465
0.3202951605439878,0.0008787825143372666,0.0032266779568815847
0.3203917241331635,0.0008781479075122659,0.00324925968628462
0.3204882877223393,0.0008786432974023505,0.003258140720975584
0.320584851311515,0.0008802983366249632,0.003253002833506951
0.3206814149006907,0.0008831416100065286,0.003233699028856227
0.32077797848986644,0.0008872006095109239,0.0032002572060352186
0.32087454207904215,0.0008925017110123731,0.0031528817527940096
0.32097110566821785,0.0008990701529028389,0.0030919529273730744
0.3210676692573936,0.0009069300165164114,0.003018023914478909
0.3211642328465693,0.0009161042083512781,0.002931815482429567
0.321260796435745,0.0009266144440608956,0.002834208213646164
0.3213573600249207,0.0009384812341824935,0.0027262323300731076
0.32145392361409647,0.0009517238715665162,0.0026090551871988618
0.3215504872032722,0.0009663604204653608,0.0024839665635254145
0.3216470507924479,0.0009824077072351082,0.002352361924920829
0.32174361438162363,0.0009998813126004377,0.0022157238935940826
0.32184017797079933,0.0010187955654302225,0.002075602197809264
0.32193674155997504,0.0010391635379652724,0.0019335924193562446
0.32203330514915074,0.0010609970424398294,0.0017913138898126013
0.3221298687383265,0.0010843066290343035,0.0016503871125514594
0.3222264323275022,0.0011091015850935371,0.001512411104308752
0.3223229959166779,0.001135389935546371,0.0013789410572121433
0.32241955950585366,0.001163178444456893,0.0012514667191106305
0.32251612309502936,0.001192472617639224,0.001131391876761793
0.32261268668420506,0.0012232767062681413,0.0010200153032144128
0.3227092502733808,0.001255593711413614,0.0009185134981878446
0.3228058138625565,0.0012894253894320665,0.0008279255093505965
0.3229023774517322,0.0013247722581448053,0.0007491400743911336
0.3229989410409079,0.0013616336037364416,0.0006828852701797005
0.3230955046300837,0.0014000074883074717,0.0006297207978599924
0.3231920682192594,0.0014398907580150827,0.0005900329732680457
0.3232886318084351,0.0014812790517420582,0.0005640324325797736
0.32338519539761085,0.00152416681023234,0.0005517545054754623
0.32348175898678655,0.0015685472856359383,0.0005530621541984386
0.32357832257596225,0.001614412551409408,0.0005676513283342944
0.32367488616513795,0.0016617535125216494,0.0005950585433397128
0.3237714497543137,0.0017105599159160064,0.0006346704568995803
0.3238680133434894,0.0017608203611858989,0.0006857351918100855
0.3239645769326651,0.0018125223114252356,0.000747375137623921
0.3240611405218409,0.0018656521042151705,0.0008186009556973836
0.3241577041110166,0.0019201949627194134,0.0008983265131214823
0.3242542677001923,0.0019761350068584083,0.0009853844795288326
0.32435083128936804,0.0020334552645409777,0.0010785423358639415
0.32444739487854374,0.0020921376829355666,0.001176518564597569
0.32454395846771944,0.0021521631397678435,0.0012779988150826316
0.32464052205689514,0.00221351145463511,0.001381651864257478
0.3247370856460709,0.002276161400333773,0.001486145220172498
0.3248336492352466,0.0023400907142012034,0.0015901602423872838
0.3249302128244223,0.002405276109474208,0.0016924066778769105
0.32502677641359806,0.002471693286676692,0.001791636532589307
0.32512334000277376,0.002539316945046553,0.0018866572164222195
0.32521990359194947,0.00260812079402115,0.0019763439125713377
0.32531646718112517,0.002678077564802767,0.0020596511307448833
0.3254130307703009,0.002749159022026687,0.002135623407713083
0.32550959435947663,0.0028213359755647257,0.002203405118440009
0.32560615794865233,0.0028945782924910957,0.0022622493572600063
0.3257027215378281,0.002968854909248993,0.0023115258420618886
0.3257992851270038,0.003044133844053378,0.0023507277862389706
0.3258958487161795,0.00312038220957073,0.00237947767436403
0.32599241230535525,0.0031975662259173207,0.002397531869321261
0.32608897589453095,0.0032756512340198617,0.002404783972086334
0.32618553948370665,0.003354601709383958,0.0024012668515628124
0.32628210307288236,0.0034343812763170172,0.0023871532617444585
0.3263786666620581,0.0035149527226528716,0.002362754967708899
0.3264752302512338,0.0035962780150237393,0.0023285203110626714
0.3265717938404095,0.003678318314732435,0.0022850301596546198
0.3266683574295853,0.003761033994265567,0.00223299220567652
0.326764921018761,0.0038443846545023813,0.002173233600324206
0.3268614846079367,0.003928329142657736,0.002106691941472186
0.3269580481971124,0.004012825571010871,0.002034404662513592
0.32705461178628814,0.004097831336458427,0.001957496904617932
0.32715117537546384,0.004183303140936243,0.0018771679900101365
0.32724773896463955,0.004269197012747239,0.0017946766491840729
0.3273443025538153,0.004355468328833075,0.0017113251888944711
0.327440866142991,0.00444207183802398,0.0016284428189704435
0.3275374297321667,0.0045289616852959465,0.0015473683831841044
0.32763399332134246,0.004616091437064919,0.0014694327614026407
0.32773055691051817,0.0047034141075395774,0.0013959412260387306
0.32782712049969387,0.004790882186156077,0.0013281560445951442
0.32792368408886957,0.004878447666107949,0.0012672796213182012
0.32802024767804533,0.004966062073985328,0.0012144384643616825
0.32811681126722103,0.00505367650053,0.0011706682504319878
0.32821337485639673,0.005141241632510702,0.0011369002369748553
0.3283099384455725,0.005228707785717233,0.0011139492431852117
0.3284065020347482,0.005316024939066106,0.0011025033863680993
0.3285030656239239,0.005403142769810068,0.0011031157205903068
0.3285996292130996,0.00549001068983341,0.0011161978814703752
0.32869619280227536,0.005576577883014321,0.0011420157958271157
0.32879275639145106,0.005662793343629023,0.0011806874693041838
0.32888931998062676,0.0057486059157686835,0.001232182820568469
0.3289858835698025,0.005833964333733669,0.0012963254887607592
0.3290824471589782,0.00591881726336725,0.0013727965029395092
0.3291790107481539,0.006003113344283222,0.0014611396695071715
0.3292755743373297,0.006086801232943221,0.0015607685070135751
0.3293721379265054,0.006169829646526179,0.0016709745379745206
0.3294687015156811,0.006252147407538101,0.0017909367348158645
0.3295652651048568,0.006333703489098901,0.0019197319118017715
0.32966182869403254,0.006414447060842198,0.002056345856591123
0.32975839228320825,0.006494327535359697,0.0021996850033128615
0.32985495587238395,0.006573294615121021,0.0023485884629455673
0.3299515194615597,0.006651298339790149,0.002501840245271219
0.3300480830507354,0.00672828913386457,0.002658181528527055
0.3301446466399111,0.006804217854552312,0.0028163228567774866
0.3302412102290868,0.0068790358398100725,0.0029749561695902858
0.33033777381826257,0.0069526949564496475,0.0031327665924872406
0.33043433740743827,0.007025147648230606,0.0032884439385895033
0.330530900996614,0.007096346983849054,0.0034406938907861916
0.33062746458578973,0.007166246704731686,0.00358824884870184
0.33072402817496543,0.007234801272542583,0.0037298784350808605
0.33082059176414114,0.007301965916312404,0.003864399661524771
0.3309171553533169,0.007367696679096264,0.003990686753719494
0.3310137189424926,0.007431950464066523,0.004107680631553689
0.3311102825316683,0.007494685079947626,0.004214398030304773
0.331206846120844,0.0075558592857015595,0.00430994023606771
0.33130340971001976,0.007615432834368378,0.00439350139276681
0.33139997329919546,0.007673366515975834,0.004464376320466837
0.33149653688837116,0.007729622199421526,0.0045219677665526885
0.3315931004775469,0.007784162873245296,0.004565792993871226
0.3316896640667226,0.007836952685200311,0.004595489594422901
0.3317862276558983,0.007887956980538822,0.004610820404792925
0.331882791245074,0.007937142338935175,0.004611677391301669
0.3319793548342498,0.007984476609956354,0.004598084369677412
0.3320759184234255,0.008029928947011966,0.004570198426589482
0.3321724820126012,0.008073469839706079,0.004528309919002066
0.33226904560177695,0.008115071144517061,0.00447284094217629
0.33236560919095265,0.008154706113744945,0.004404342178090983
0.33246217278012835,0.008192349422654968,0.004323488062670984
0.3325587363693041,0.008227977194765113,0.004231070241822824
0.3326552999584798,0.00826156702521564,0.004127989321977602
0.3327518635476555,0.008293098002174475,0.004015244959545403
0.3328484271368312,0.008322550726229247,0.0038939243741182307
0.332944990726007,0.00834990732772351,0.0037651894111074696
0.3330415543151827,0.008375151482004852,0.0036302623193092383
0.3331381179043584,0.008398268422544989,0.0034904104462983054
0.33323468149353414,0.008419244951912272,0.003346930088161489
0.33333124508270984,0.008438069450571854,0.0032011297586521516
0.33342780867188554,0.008454731883495693,0.003054313165262947
0.33352437226106124,0.00846922380457539,0.0029077621950498326
0.333620935850237,0.008481538358827808,0.0027627202205948616
0.3337174994394127,0.00849167028239938,0.0026203760358255853
0.3338140630285884,0.008499615900368336,0.0024818487223443233
0.33391062661776416,0.008505373122360724,0.0023481737295827513
0.33400719020693986,0.00850894143599771,0.0022202904268950195
0.33410375379611557,0.008510321898192105,0.002099031353317341
0.3342003173852913,0.008509517124327256,0.0019851133521262125
0.334296880974467,0.00850653127534867,0.001879130733683697
0.3343934445636427,0.008501370042809426,0.0017815505627536733
0.33449000815281843,0.008494040631912335,0.0016927101170188645
0.3345865717419942,0.008484551742599926,0.0016128165135200203
0.3346831353311699,0.008472913548745083,0.0015419484507906789
0.3347796989203456,0.008459137675503693,0.0014800599681464883
0.33487626250952135,0.008443237174893864,0.0014269860813663042
0.33497282609869705,0.00842522649966792,0.001382450117155304
0.33506938968787275,0.008405121475554304,0.001346072538385252
0.33516595327704846,0.008382939271944848,0.001317381028945575
0.3352625168662242,0.008358698371107942,0.001295821591624918
0.3353590804553999,0.008332418536014975,0.0012807704049442427
0.3354556440445756,0.008304120776865534,0.001271546185156907
0.3355522076337514,0.008273827316404421,0.0012674228072668023
0.3356487712229271,0.00824156155412634,0.0012676419531845078
0.3357453348121028,0.008207348029457327,0.0012714255750771513
0.33584189840127854,0.008171212384021442,0.001277987986427682
0.33593846199045424,0.008133181323085116,0.0012865474210256146
0.33603502557962994,0.008093282576281667,0.0012963369297101473
0.33613158916880564,0.008051544857724588,0.0013066145148287363
0.3362281527579814,0.008007997825601096,0.0013166724317460587
0.3363247163471571,0.0079626720413594,0.0013258456141640698
0.3364212799363328,0.007915598928588558,0.0013335192044521041
0.33651784352550856,0.007866810731689825,0.00133913519080933
0.33661440711468427,0.007816340474446735,0.0013421981693092174
0.33671097070385997,0.0077642219185891466,0.0013422802603413751
0.33680753429303567,0.007710489522451596,0.0013390252156066744
0.33690409788221143,0.007655178399818386,0.0013321517537871895
0.33700066147138713,0.007598324279055997,0.0013214561607169733
0.33709722506056283,0.007539963462612655,0.0013068141839337691
0.3371937886497386,0.007480132786982379,0.001288182242681388
0.3372903522389143,0.007418869583210535,0.001265597963680766
0.33738691582809,0.0073562116380233265,0.0012391800412964583
0.33748347941726575,0.00729219715565573,0.0012091274091311076
0.33758004300644145,0.007226864720450116,0.001175717699606696
0.33767660659561716,0.00716025326029014,0.0011393049596852205
0.33777317018479286,0.007092402010933058,0.0011003165853874675
0.3378697337739686,0.007023350481295486,0.001059249435868982
0.3379662973631443,0.006953138419744139,0.0010166650900122704
0.33806286095232,0.00688180578143623,0.0009731842150742214
0.3381594245414958,0.0068093926967497725,0.0009294800279629024
0.3382559881306715,0.0067359394408373725,0.0008862708450324495
0.3383525517198472,0.006661486404331624,0.0008443117354901071
0.3384491153090229,0.00658607406522504,0.0008043853160080266
0.33854567889819864,0.006509742961939535,0.0007672917491283478
0.33864224248737435,0.006432533667596152,0.0007338380346062984
0.33873880607655005,0.006354486765491374,0.0007048267098974482
0.3388353696657258,0.006275642825775539,0.0006810441024251698
0.3389319332549015,0.006196042383330081,0.0006632483009162393
0.3390284968440772,0.006115725916827566,0.0006521570348340871
0.33912506043325297,0.006034733828959819,0.0006484356687169664
0.33922162402242867,0.005953106427809124,0.0006526855311013439
0.33931818761160437,0.005870883909334239,0.0006654328049090493
0.3394147512007801,0.005788106340940413,0.0006871182071230178
0.33951131478995583,0.005704813646093224,0.0007180876799129057
0.33960787837913153,0.005621045589936634,0.000758584303009285
0.33970444196830724,0.005536841765868295,0.0008087416182027744
0.339801005557483,0.005452241583024728,0.0008685785317842627
0.3398975691466587,0.005367284254620942,0.0009379959301918635
0.3399941327358344,0.005282008787091122,0.0010167751089729567
0.3400906963250101,0.005196453969972687,0.001104578076465825
0.34018725991418586,0.005110658366470608,0.00120094975257989
0.34028382350336156,0.005024660304642879,0.0013053220410131753
0.34038038709253726,0.004938497869141215,0.0014170197115551402
0.340476950681713,0.004852208893444307,0.0015352679891353213
0.3405735142708887,0.004765830952516235,0.0016592017092759077
0.3406700778600644,0.004679401355824875,0.0017878758667535758
0.3407666414492402,0.004592957140657442,0.0019202773565788103
0.3408632050384159,0.004506535065662886,0.00205533768464536
0.3409597686275916,0.004420171604562949,0.0021919464101466386
0.3410563322167673,0.004333902939964022,0.0023289650734118813
0.34115289580594305,0.0042477649572125915,0.002465241361210451
0.34124945939511875,0.004161793238233075,0.002599623266602218
0.34134602298429445,0.004076023055290993,0.0027309730116196643
0.3414425865734702,0.0039904893646297394,0.002858180517782297
0.3415391501626459,0.003905226799925635,0.0029801762308191986
0.3416357137518216,0.003820269665519163,0.003095943131039562
0.3417322773409973,0.003735651929373619,0.0032045277884415633
0.3418288409301731,0.003651407215722595,0.0033050503508132746
0.3419254045193488,0.003567568797369846,0.003396713382591059
0.3420219681085245,0.003484169587609511,0.003478809501092723
0.34211853169770023,0.0034012421317381088,0.0035507277839072373
0.34221509528687594,0.0033188185981379583,0.003611958945915982
0.34231165887605164,0.00323693076890917,0.003662099305891705
0.3424082224652274,0.0031556100300412088,0.0037008535804174524
0.3425047860544031,0.0030748873611127093,0.003728036556617042
0.3426013496435788,0.00299479332451589,0.0037435737048042545
0.3426979132327545,0.0029153580542083373,0.003747500797676253
0.34279447682193026,0.0028366112439952257,0.00373996260436133
0.34289104041110596,0.002758582135357022,0.0037212107258801953
0.34298760400028167,0.002681299504834025,0.003691600633944187
0.3430841675894574,0.0026047916509909117,0.003651587968155628
0.3431807311786331,0.0025290863809859553,0.003601724138312897
0.3432772947678088,0.002454210996772273,0.003542651269460391
0.34337385835698453,0.002380192280967022,0.003475096518312761
0.3434704219461603,0.0023070564824249798,0.003399865781506449
0.343566985535336,0.002234829301556929,0.003317836809465014
0.3436635491245117,0.002163535875439809,0.003229951735110263
0.34376011271368745,0.0020932007627644197,0.0031372090246968138
0.34385667630286315,0.0020238479286734798,0.0030406548590228132
0.34395323989203885,0.0019555007295422133,0.002941373957362014
0.3440498034812146,0.0018881818977595465,0.00284047986370787
0.3441463670703903,0.0018219135265648639,0.0027391047251524433
0.344242930659566,0.0017567170550040916,0.0026383886051663764
0.3443394942487417,0.0016926132530615972,0.0025394683897398246
0.3444360578379175,0.0016296222070334191,0.002443466361217602
0.3445326214270932,0.0015677633052028793,0.00235147853252365
0.3446291850162689,0.0015070552238804242,0.00226456285258195
0.34472574860544464,0.0014475159138723247,0.0021837274112592574
0.34482231219462034,0.0013891625874383126,0.0021099187882899053
0.34491887578379604,0.0013320117058000932,0.0020440107045619376
0.34501543937297174,0.0012760789672598364,0.0019867931450909316
0.3451120029621475,0.0012213792959890567,0.0019389621303299003
0.3452085665513232,0.0011679268315407272,0.0019011103155530105
0.3453051301404989,0.0011157349191415753,0.001873718596524947
0.34540169372967466,0.0010648161008143578,0.001857148893209546
0.34549825731885037,0.0010151821073791153,0.001851638271804733
0.34559482090802607,0.000966843851379246,0.00185729454898107
0.3456913844972018,0.00091981142097326,0.0018740935010951546
0.34578794808637753,0.0008740940748316486,0.001901877775795755
0.34588451167555323,0.0008297002380726266,0.0019403575744157495
0.34598107526472893,0.000786637499267115,0.0019891131415938016
0.3460776388539047,0.0007449126085395824,0.0020475990645503505
0.3461742024430804,0.0007045314767858683,0.002115150349295687
0.3462707660322561,0.0006654991760254119,0.002190990205777888
0.34636732962143185,0.0006278199409010108,0.002274239439593989
0.34646389321060755,0.0005914971713335961,0.0023639273153947264
0.34656045679978326,0.0005565334363348164,0.0024590037274420944
0.34665702038895896,0.0005229304789775239,0.002558352486779684
0.3467535839781347,0.000490689222516372,0.0026608055128732704
0.3468501475673104,0.0004598097776490044,0.002765157700939029
0.3469467111564861,0.0004302914509012727,0.002870182224915555
0.3470432747456619,0.00040213275411781776,0.002974646030368021
0.3471398383348376,0.00037533141503268803,0.0030773252715827885
0.3472364019240133,0.0003498843888918971,0.00317702045258179
0.34733296551318904,0.00032578787109539576,0.003272571042433256
0.34742952910236474,0.0003030373108212144,0.0033628693506106517
0.34752609269154044,0.00028162742559237,0.0034468734676433486
0.34762265628071615,0.00026155221674176404,0.003523619099216754
0.3477192198698919,0.00024280498572867436,0.0035922301474455233
0.3478157834590676,0.00022537835125639993,0.0036519279204378797
0.3479123470482433,0.00020926426713794755,0.003702038879674877
0.34800891063741907,0.00019445404085499023,0.0037420008633223885
0.34810547422659477,0.00018093835275163008,0.0037713677516408887
0.34820203781577047,0.0001687072758043628,0.0037898125674421137
0.3482986014049462,0.0001577502959065255,0.0037971290294927696
0.34839516499412193,0.00014805633260472488,0.003793231599372137
0.34849172858329763,0.00013961376022461432,0.0037781540822043264
0.34858829217247334,0.00013241042932092293,0.0037520468586359976
0.3486848557616491,0.00012643368838810055,0.0037151728393078494
0.3487814193508248,0.00012167040576653178,0.0036679022438640026
0.3488779829400005,0.00011810699168051826,0.003610706314347845
0.34897454652917625,0.00011572942034384648,0.003544150077863443
0.34907111011835196,0.00011452325207077681,0.0034688842759093078
0.34916767370752766,0.00011447365532997125,0.00338563657815595
0.34926423729670336,0.00011556542868191079,0.0032952021970450705
0.3493608008858791,0.00011778302254075086,0.0031984340168285897
0.3494573644750548,0.00012111056070411275,0.003096232346973032
0.3495539280642305,0.00012553186159685304,0.0029895344056137933
0.3496504916534063,0.00013103045917608265,0.0028793036343308293
0.349747055242582,0.00013758962344932033,0.002766518941235955
0.3498436188317577,0.0001451923805581173,0.002652163965480785
0.3499401824209334,0.00015382153238510836,0.0025372164529678574
0.35003674601010915,0.00016345967564324585,0.002422637830402367
0.35013330959928485,0.00017408922041128825,0.002309363062857302
0.35022987318846055,0.00018569240808214145,0.0021982908786867088
0.3503264367776363,0.00019825132869400873,0.002090274444775647
0.350423000366812,0.0002117479376192704,0.0019861125745516623
0.3505195639559877,0.00022616407158832384,0.0018865415506565187
0.35061612754516347,0.00024148146403059386,0.0017922276433763025
0.35071269113433917,0.00025768175971781833,0.0017037604045594898
0.3508092547235149,0.000274746528700062,0.0016216468144593396
0.3509058183126906,0.0002926572795267663,0.001546306355456452
0.35100238190186633,0.00031139547175116874,0.0014780670816260544
0.35109894549104204,0.00033094252771838795,0.001417162746427823
0.35119550908021774,0.00035127984364264193,0.0013637310422299235
0.3512920726693935,0.00037238879998186637,0.001317812994863063
0.3513886362585692,0.0003942507711213846,0.0012793535439304378
0.3514851998477449,0.0004168471343837304,0.0012482033252876601
0.3515817634369206,0.00044015927838109576,0.0012241216561205469
0.35167832702609636,0.0004641686107351252,0.0012067807056944473
0.35177489061527206,0.0004888565651867484,0.0011957708164622178
0.35187145420444776,0.0005142046081253301,0.0011906069212537014
0.3519680177936235,0.0005401942445675829,0.0011907359831945879
0.3520645813827992,0.0005668070236175467,0.0011955453663563852
0.3521611449719749,0.0005940245434453582,0.0012043720274462605
0.3522577085611507,0.0006218284558191546,0.0012165124026515997
0.3523542721503264,0.0006502004702307298,0.0012312328495546305
0.3524508357395021,0.0006791223576540229,0.0012477804922871394
0.3525473993286778,0.0007085759539785883,0.0012653943092044966
0.35264396291785355,0.0007385431631600095,0.001283316296609696
0.35274052650702925,0.0007690059601304691,0.001300802539679001
0.35283709009620495,0.0007999463935132491,0.0013171340228307993
0.3529336536853807,0.000831346588183993,0.001331627016331166
0.3530302172745564,0.0008631887477236387,0.0013436428838375844
0.3531267808637321,0.0008954551568047498,0.0013525971666292875
0.3532233444529078,0.0009281281835552711,0.0013579678141392802
0.3533199080420836,0.0009611902819402044,0.0013593024467085468
0.3534164716312593,0.000994623994202257,0.0013562245547509271
0.353513035220435,0.0010284119534011787,0.0013484385582487753
0.35360959880961074,0.001062536886087972,0.001335733671141418
0.35370616239878644,0.0010969816151514523,0.0013179865361800886
0.35380272598796214,0.0011317290628686076,0.0012951626166490496
0.3538992895771379,0.0011667622541931795,0.0012673163514860216
0.3539958531663136,0.0012020643203078027,0.001234590099305024
0.3540924167554893,0.0012376185024689486,0.0011972119142111305
0.354188980344665,0.0012734081561666505,0.001155492211785373
0.35428554393384076,0.001309416755619565,0.0011098193969243941
0.35438210752301647,0.001345627898623896,0.001060654536205935
0.35447867111219217,0.001382025311768628,0.0010085251660242195
0.3545752347013679,0.0014185928560301413,0.0009540183339262939
0.3546717982905436,0.0014553145327515892,0.0008977729744734971
0.35476836187971933,0.0014921744900132142,0.0008404717227440953
0.35486492546889503,0.001529157029392347,0.0007828322685242046
0.3549614890580708,0.001566246613111966,0.0007255983526094387
0.3550580526472465,0.0016034278715698828,0.0006695305038115724
0.3551546162364222,0.001640685611239736,0.0006153966115858371
0.35525117982559795,0.0016780048229300313,0.0005639624250493685
0.35534774341477365,0.001715370690383966,0.0005159820648994242
0.35544430700394936,0.001752768599200889,0.0004721886306879401
0.3555408705931251,0.0017901841460550162,0.00043328498234884336
0.3556374341823008,0.0018276031481851255,0.0003999347720173535
0.3557339977714765,0.0018650116531257394,0.00037275380016628065
0.3558305613606522,0.0019023959486467914,0.00035230176897624424
0.355927124949828,0.001939742572866955,0.00033907450561633274
0.3560236885390037,0.001977038324501821,0.0003334967286256099
0.3561202521281794,0.002014270273207482,0.0003359154316471537
0.35621681571735514,0.0020514257699765794,0.0003465939600946155
0.35631337930653084,0.0020884924575417267,0.00036570685758078615
0.35640994289570654,0.0021254582807398816,0.0003933355597147033
0.35650650648488225,0.002162311496790719,0.00042946501275635876
0.356603070074058,0.002199040685438307,0.00047398129317423435
0.3566996336632337,0.002235634758905939,0.0005266703009699099
0.3567961972524094,0.0022720829716134493,0.000587217594340243
0.35689276084158517,0.00230837492960393,0.0006552094255315747
0.35698932443076087,0.0023445005996288407,0.0007301350273818714
0.35708588801993657,0.0023804503178378,0.000811390186919395
0.35718245160911233,0.0024162147980226326,0.0008982821264923373
0.35727901519828803,0.0024517851393619644,0.0009900356943740945
0.35737557878746373,0.0024871528336177537,0.0010858008458763469
0.35747214237663943,0.002522309771731624,0.001184661373105314
0.3575687059658152,0.0025572482497741994,0.0012856448171283416
0.3576652695549909,0.002591960974199563,0.0013877334711016125
0.3577618331441666,0.0026264410663588505,0.001489876357563089
0.35785839673334235,0.002660682066232361,0.0015910020383772248
0.35795496032251806,0.0026946779353359033,0.0016900320925653334
0.35805152391169376,0.0027284230587658062,0.0017858950762526977
0.35814808750086946,0.002761912246345724,0.0018775407610025442
0.3582446510900452,0.0027951407328428205,0.0019639544326068574
0.3583412146792209,0.0028281041772247333,0.0020441710225715757
0.3584377782683966,0.002860798660930328,0.0021172888395743056
0.3585343418575724,0.0028932206851327714,0.002182482668432537
0.3586309054467481,0.002925367166975986,0.002239016009785578
0.3587274690359238,0.002957235434769882,0.002286252244779399
0.35882403262509954,0.0029888232221337574,0.0023236645253770184
0.35892059621427524,0.00302012866108161,0.0023508442121696177
0.35901715980345095,0.0030511502740472487,0.00236750770722925
0.35911372339262665,0.0030818869648503253,0.0023735015589628583
0.3592102869818024,0.003112338008611627,0.002368805748351726
0.3593068505709781,0.003142503040628266,0.0023535351004856063
0.3594034141601538,0.0031723820442228373,0.0023279388010175777
0.35949997774932957,0.003201975337588895,0.0022923980330762823
0.35959654133850527,0.0032312835596553084,0.0022474217853112105
0.359693104927681,0.0032603076550009502,0.0021936409151547794
0.3597896685168567,0.0032890488578496513,0.002131800582177792
0.35988623210603243,0.00331750867518703,0.0020627511937981796
0.35998279569520814,0.003345688869038551,0.0019874380288820827
0.36007935928438384,0.0033735914379552454,0.0019068897234177725
0.3601759228735596,0.0034012185977586543,0.0018222058160622526
0.3602724864627353,0.0034285727615964517,0.0017345435597275291
0.360369050051911,0.003455656519367443,0.0016451042084620353
0.36046561364108676,0.003482472616578098,0.00155511898682179
0.36056217723026246,0.003509023932690682,0.0014658349420365523
0.36065874081943816,0.0035353134590343513,0.0013785008680116545
0.36075530440861386,0.003561344276346102,0.0012943534752206604
0.3608518679977896,0.0035871195320139127,0.0012146039625307976
0.3609484315869653,0.003612642417097847,0.0011404251268453424
0.361044995176141,0.003637916143202647,0.0010729391249933047
0.3611415587653168,0.003662943919281349,0.0010132059805018673
0.3612381223544925,0.0036877289284485137,0.0009622129066236465
0.3613346859436682,0.003712274304881298,0.0009208644971346101
0.3614312495328439,0.003736583110889735,0.000889973818715444
0.36152781312201965,0.0037606583142370895,0.0008702544238126423
0.36162437671119535,0.003784502765788192,0.0008623132912488993
0.36172094030037105,0.0038081191775682925,0.0008666446937882238
0.3618175038895468,0.0038315101013101692,0.0008836249875032833
0.3619140674787225,0.0038546779075651952,0.0009135083170272202
0.3620106310678982,0.0038776247654584233,0.0009564232333251256
0.36210719465707397,0.003900352623158701,0.0010123702260128632
0.3622037582462497,0.003922863189137237,0.0010812201798385808
0.3623003218354254,0.003945157914283519,0.0011627137739445349
0.3623968854246011,0.003967237974945854,0.0012564618520621645
0.36249344901377684,0.003989104256958837,0.0013619468009089914
0.36259001260295254,0.004010757340720105,0.00147852498180372
0.36268657619212824,0.004032197487368618,0.001605430265956875
0.362783139781304,0.004053424626121448,0.0017417787261826117
0.3628797033704797,0.004074438342813107,0.0018865745362111842
0.3629762669596554,0.0040952378696834015,0.002038717122774892
0.3630728305488311,0.004115822076452218,0.0021970096048839157
0.36316939413800686,0.004136189462713294,0.002360168539048846
0.36326595772718256,0.004156338151680418,0.002526834968793268
0.36336252131635827,0.004176265885304759,0.0026955867519975903
0.363459084905534,0.004195970020786289,0.0028649521110505286
0.3635556484947097,0.004215447528489187,0.003033424319302193
0.36365221208388543,0.004234694991272828,0.0031994774039754183
0.3637487756730612,0.004253708605235769,0.0033615827116662764
0.3638453392622369,0.004272484181875491,0.003518226149205114
0.3639419028514126,0.004291017151651025,0.003667925881278562
0.3640384664405883,0.004309302568935794,0.0038092502382093135
0.36413503002976405,0.004327335118342266,0.00394083556392444
0.36423159361893975,0.004345109122393344,0.0040614037165863075
0.36432815720811546,0.004362618550509569,0.004169778923572593
0.3644247207972912,0.004379857029278871,0.004264903689235284
0.3645212843864669,0.004396817853968954,0.004345853458621245
0.3646178479756426,0.0044134940012362164,0.004411849753292216
0.3647144115648183,0.0044298781429849485,0.0044622715164416675
0.3648109751539941,0.0044459626613200555,0.004496664433252893
0.3649075387431698,0.004461739664539257,0.004514748028198558
0.3650041023323455,0.0044772010041012255,0.004516420382795559
0.36510066592152124,0.004492338292504603,0.004501760364009306
0.36519722951069694,0.004507142922011447,0.00447102730374017
0.36529379309987264,0.004521606084141972,0.004424658122097683
0.3653903566890484,0.004535718789867811,0.004363261939973752
0.3654869202782241,0.004549471890426303,0.00428761227816729
0.3655834838673998,0.004562856098677411,0.004198636989495277
0.3656800474565755,0.0045758620109248565,0.004097406115511299
0.36577661104575127,0.0045884801291158454,0.003985117899348036
0.36587317463492697,0.0046007008833404165,0.0038630832197319533
0.36596973822410267,0.004612514654543726,0.0037327087374700143
0.3660663018132784,0.004623911797371006,0.0035954790640701853
0.36616286540245413,0.004634882663055018,0.0034529382722508664
0.36625942899162983,0.004645417622268941,0.0033066710698194386
0.36635599258080553,0.004655507087857295,0.0031582839519513095
0.3664525561699813,0.004665141537362829,0.003009386632714722
0.366549119759157,0.004674311535271363,0.0028615740354615404
0.3666456833483327,0.004683007754891423,0.0027164090943812697
0.36674224693750845,0.0046912209997943075,0.002575406587182691
0.36683881052668416,0.004698942224737882,0.0024400181827943022
0.36693537411585986,0.004706162556003255,0.0023116188495365935
0.3670319377050356,0.0047128733110720486,0.002191494729800952
0.3671285012942113,0.004719066017580712,0.0020808325482909182
0.367225064883387,0.004724732431487813,0.001980710583687958
0.3673216284725627,0.004729864554393237,0.0018920911994141712
0.3674181920617385,0.0047344546499574975,0.0018158148990508713
0.3675147556509142,0.004738495259365706,0.001752595846801435
0.3676113192400899,0.004741979215793665,0.0017030187737630327
0.36770788282926564,0.004744899657829564,0.001667537177071498
0.36780444641844134,0.004747250041816164,0.0016464727112612324
0.36790101000761705,0.0047490241530806065,0.0016400156692609783
0.36799757359679275,0.00475021611602259,0.001648226453844329
0.3680941371859685,0.004750820403040061,0.0016710379483737673
0.3681907007751442,0.004750831842272621,0.0017082587074060344
0.3682872643643199,0.004750245624153188,0.001759576902097643
0.36838382795349567,0.004749057306758696,0.0018245649711747484
0.36848039154267137,0.004747262819959831,0.0019026849443029255
0.3685769551318471,0.004744858468370568,0.0019932944197738837
0.36867351872102283,0.004741840933112119,0.002095653191392955
0.36877008231019853,0.004738207272399865,0.0022089305292761815
0.36886664589937423,0.004733954920974822,0.0023322131251175744
0.36896320948854994,0.004729081688405791,0.0024645137137462333
0.3690597730777257,0.00472358575628857,0.002604780379106127
0.3691563366669014,0.004717465674380118,0.0027519065440543833
0.3692529002560771,0.004710720355702606,0.00290474162979509
0.36934946384525286,0.004703349070665097,0.003062102352797193
0.36944602743442856,0.004695351440247256,0.003222784605408554
0.36954259102360426,0.004686727428297807,0.00338557584202304
0.36963915461277996,0.004677477333005544,0.0035492678666918017
0.3697357182019557,0.004667601777597867,0.0037126698917489226
0.3698322817911314,0.00465710170033378,0.003874621711665505
0.3699288453803071,0.004645978343853897,0.0040340068132760564
0.3700254089694829,0.00463423324395522,0.0041897652240014205
0.3701219725586586,0.004621868217864709,0.004340905884895463
0.3702185361478343,0.004608885352078841,0.0044865183262359325
0.37031509973701005,0.004595286989847416,0.0046257834207401914
0.37041166332618575,0.004581075718376097,0.0047579829938182985
0.37050822691536145,0.004566254355821987,0.0048825080818275905
0.37060479050453715,0.004550825938161543,0.004998865647970413
0.3707013540937129,0.004534793706006938,0.00510668359095459
0.3707979176828886,0.004518161091446952,0.005205713913152141
0.3708944812720643,0.004500931704991196,0.005295833951852455
0.37099104486124007,0.004483109322689393,0.0053770456181938455
0.3710876084504158,0.0044646978735042074,0.0054494726321711665
0.3711841720395915,0.004445701427006046,0.005513355787325642
0.3712807356287672,0.004426124181462916,0.005569046323843372
0.37137729921794294,0.00440597045239288,0.00561699753228975
0.37147386280711864,0.004385244661643136,0.005657754750671889
0.37157042639629434,0.004363951327061501,0.005691943953545388
0.3716669899854701,0.004342095052813937,0.005720259162316303
0.3717635535746458,0.004319680520409909,0.00574344892973137
0.3718601171638215,0.0042967124804824805,0.005762302168047927
0.37195668075299726,0.004273195745371182,0.0057776335990935585
0.37205324434217296,0.004249135182554367,0.0057902691051613655
0.37214980793134866,0.00422453570896329,0.005801031252591155
0.37224637152052437,0.0041994022862175,0.005810725245386671
0.3723429351097001,0.004173739916805911,0.00582012554500157
0.3724394986988758,0.004147553641239618,0.005829963365460937
0.37253606228805153,0.004120848536193159,0.005840915221440332
0.3726326258772273,0.004093629713648427,0.0058535926720888936
0.372729189466403,0.004065902321047785,0.005868533366728215
0.3728257530555787,0.004037671542458075,0.005886193461502836
0.3729223166447544,0.00400894260074473,0.005906941440079614
0.37301888023393015,0.003979720760742257,0.005931053337919455
0.37311544382310585,0.003950011333412493,0.005958709339686968
0.37321200741228155,0.003919819680966391,0.0059899916940480405
0.3733085710014573,0.0038891512229266,0.0060248838701611315
0.373405134590633,0.003858011443099668,0.006063270866103128
0.3735016981798087,0.0038264058974236434,0.006104940571478778
0.3735982617689845,0.0037943402226497808,0.006149586084400969
0.3736948253581602,0.0037618201458137716,0.006196808886536009
0.3737913889473359,0.0037288514944480372,0.006246122788268656
0.3738879525365116,0.0036954402074801653,0.006296958568366826
0.37398451612568734,0.003661592346760788,0.006348669247714448
0.37408107971486304,0.0036273141091576013,0.0064005359534996965
0.37417764330403874,0.003592611839153512,0.006451774347381495
0.3742742068932145,0.00355749204187764,0.006501541607327431
0.3743707704823902,0.0035219613964999545,0.006548943966748647
0.3744673340715659,0.003486026769914544,0.006593044825135558
0.37456389766074166,0.003449695230637181,0.006632873450682027
0.37466046124991736,0.00341297406283722,0.006667434296655445
0.37475702483909307,0.003375870780426279,0.006695716949067356
0.37485358842826877,0.0033383931411220175,0.0067167067133887285
0.3749501520174445,0.0033005491604061092,0.006729395832754205
0.37504671560662023,0.0032623471252947183,0.006732795309790706
0.37514327919579593,0.0032237956078386507,0.00672594727959083
0.3752398427849717,0.0031849034782737372,0.006707937853429718
0.3753364063741474,0.0031456799177383156,0.006677910322794843
0.3754329699633231,0.003106134430478203,0.006635078582489636
0.3755295335524988,0.0030662768554646676,0.006578740601456577
0.37562609714167455,0.0030261173773425422,0.006508291741981504
0.37572266073085026,0.002985666536639468,0.006423237703566984
0.37581922432002596,0.0029449352391633307,0.006323206848279051
0.3759157879092017,0.002903934764516037,0.00620796165099676
0.3760123514983774,0.002862676773662067,0.006077409011647291
0.3761089150875531,0.002821173315487719,0.005931609167902223
0.3762054786767289,0.0027794368322911593,0.005770782956339163
0.3763020422659046,0.002737480164152496,0.005595317187864148
0.3763986058550803,0.002695316552130407,0.005405767928987408
0.376495169444256,0.0026529596402424804,0.005202861513881565
0.37659173303343174,0.002610423476187845,0.004987493152197038
0.37668829662260744,0.002567722510776468,0.004760723043302164
0.37678486021178315,0.0025248715960351034,0.004523769957705735
0.3768814238009589,0.002481885981965463,0.004278002299443839
0.3769779873901346,0.002438781311935021,0.004024926717581883
0.3770745509793103,0.0023955736166859204,0.0037661743891205697
0.377171114568486,0.002352279306956585,0.0035034851477760707
0.37726767815766177,0.002308915164710172,0.003238689681808575
0.37736424174683747,0.00226549833297703,0.0029736900677405803
0.37746080533601317,0.002222046304318879,0.0027104389441394506
0.37755736892518893,0.0021785769079291995,0.002450917659468909
0.37765393251436463,0.0021351082953935657,0.0021971137494723116
0.37775049610354033,0.002091658925133223,0.001950998111990516
0.3778470596927161,0.0020482475455669996,0.001714502250268676
0.3779436232818918,0.002004893177027813,0.0014894959496478868
0.3780401868710675,0.001961615092476786,0.0012777657374135752
0.3781367504602432,0.0019184327970629559,0.001080994452143546
0.37823331404941896,0.0018753660065827353,0.000900742218078652
0.37832987763859466,0.001832434624894945,0.0007384290830440358
0.37842644122777036,0.0017896587203542948,0.0005953195366722746
0.3785230048169461,0.0017470585013300477,0.0004725090806745399
0.3786195684061218,0.0017046542908787283,0.00037091297631242873
0.3787161319952975,0.0016624665006449298,0.0002912572476937332
0.3788126955844732,0.0016205156040665972,0.00023407197463791592
0.378909259173649,0.0015788221089652475,0.00019968686709476732
0.3790058227628247,0.0015374065296018763,0.00018822907572117785
0.3791023863520004,0.0014962893582838974,0.00019962316123438016
0.37919894994117614,0.0014554910366072521,0.00023359311928971085
0.37929551353035185,0.001415031926423673,0.0002896663382717266
0.37939207711952755,0.001374932280618461,0.00036717935459888186
0.3794886407087033,0.001335212213789305,0.00046528526365897845
0.379585204297879,0.0012958916729147675,0.0005829626437344578
0.3796817678870547,0.0012569904081002718,0.000719025854409609
0.3797783314762304,0.0012185279434915048,0.0008721365788971405
0.37987489506540617,0.0011805235484397439,0.001040816490287847
0.3799714586545819,0.0011429962090073226,0.0012234609335859139
0.3800680222437576,0.0011059645998957774,0.001418353527261977
0.38016458583293333,0.0010694470568786134,0.001623681598657234
0.38026114942210903,0.0010334615498185978,0.0018375523758130921
0.38035771301128474,0.000998025656345429,0.002058009863229719
0.38045427660046044,0.000963156536268234,0.002283052330006236
0.3805508401896362,0.0009288709067917501,0.00251065033536878
0.3806474037788119,0.0008951850186038711,0.0027387652086396414
0.3807439673679876,0.0008621146328964577,0.002965367888462879
0.38084053095716336,0.0008296749993772453,0.0031884580100322393
0.38093709454633906,0.0007978808353283774,0.0034060831099926607
0.38103365813551476,0.0007667463057591325,0.003616357797540011
0.3811302217246905,0.0007362850046993813,0.0038174827182512945
0.3812267853138662,0.0007065099376725269,0.004007763115602589
0.3813233489030419,0.0006774335053834336,0.004185626775347655
0.3814199124922176,0.0006490674886516648,0.004349641121229318
0.3815164760813934,0.0006214230346141582,0.0044985292181844855
0.3816130396705691,0.0005945106442181973,0.004631184432320849
0.3817096032597448,0.0005683401610187037,0.004746683496450131
0.38180616684892055,0.0005429207612899707,0.004844297736477186
0.38190273043809625,0.0005182609454568484,0.004923502227873339
0.38199929402727195,0.0004943685308443894,0.004983982672880115
0.38209585761644765,0.0004712506457413404,0.005025639817769648
0.3821924212056234,0.0004489137247681591,0.005048591264946085
0.3822889847947991,0.0004273635055346856,0.005053170576062593
0.3823855483839748,0.0004066050265682458,0.005039923608664493
0.3824821119731506,0.0003866426264907673,0.00500960207887247
0.3825786755623263,0.00036747994441609463,0.004963154394866276
0.382675239151502,0.00034911992153780554,0.004901713858940747
0.38277180274067774,0.0003315648038726522,0.004826584388057938
0.38286836632985344,0.0003148161461221955,0.00473922395255987
0.38296492991902914,0.00029887481661104774,0.004641225978524745
0.38306149350820484,0.0002837410032588208,0.004534298999704976
0.3831580570973806,0.00026941422053886906,0.004420244878873082
0.3832546206865563,0.00025589331737555296,0.0043009359446527055
0.383351184275732,0.0002431764859294661,0.004178291407741191
0.38344774786490776,0.00023126127121811561,0.004054253429343929
0.38354431145408346,0.00022014458151855098,0.003930763214388456
0.38364087504325917,0.00020982269949719318,0.003809737492793332
0.38373743863243487,0.00020029129401061242,0.0036930457341410507
0.3838340022216106,0.00019154543252197944,0.0035824884152370505
0.38393056581078633,0.00018357959407547218,0.0034797766272371164
0.38402712939996203,0.0001763876827733377,0.003386513270508871
0.3841236929891378,0.00016996304169838492,0.003304176042592846
0.3842202565783135,0.00016429846722689506,0.0032341023790974847
0.3843168201674892,0.00015938622367653952,0.003177476460747947
0.38441338375666495,0.0001552180582357863,0.003135318353742132
0.38450994734584065,0.00015178521612213368,0.003108475306633778
0.38460651093501635,0.00014907845591782912,0.003097615186600052
0.38470307452419206,0.00014708806503407318,0.0031032220024123564
0.3847996381133678,0.0001458038752561283,0.0031255934316946447
0.3848962017025435,0.00014521527832347752,0.0031648402468450994
0.3849927652917192,0.00014531124150270866,0.003220887517663222
0.385089328880895,0.00014608032311166967,0.0032934774593242457
0.3851858924700707,0.00014751068795708426,0.003382173791573418
0.3852824560592464,0.00014959012265006373,0.003486367478257279
0.3853790196484221,0.00015230605076664306,0.003605283724692039
0.38547558323759784,0.00015564554782371808,0.0037379901227626963
0.38557214682677354,0.00015959535604283603,0.003883405848763921
0.38566871041594925,0.00016414189887885115,0.004040311835444779
0.385765274005125,0.0001692712952914455,0.004207361856091162
0.3858618375943007,0.00017496937374235553,0.004383094473382044
0.3859584011834764,0.00018122168590320415,0.004565945817944062
0.38605496477265216,0.00018801352006187313,0.004754263169914752
0.38615152836182787,0.00019532991421948505,0.004946319320556136
0.38624809195100357,0.00020315566887089278,0.005140327689494762
0.38634465554017927,0.00021147535946703107,0.005334458166200946
0.38644121912935503,0.0002202733485583438,0.005526853631962697
0.38653778271853073,0.00022953379762211026,0.005715647101219637
0.38663434630770643,0.000239240678579413,0.005898979399369532
0.3867309098968822,0.0002493777850093875,0.00607501726903215
0.3868274734860579,0.00025992874307061967,0.006241971769395749
0.3869240370752336,0.0002708770221439147,0.006398116805031924
0.3870206006644093,0.00028220594520901777,0.0065418075929025675
0.38711716425358506,0.0002938986989742969,0.006671498850644934
0.38721372784276076,0.00030593834377643463,0.006785762467082085
0.38731029143193646,0.0003183078232710152,0.006883304398558482
0.3874068550211122,0.0003309899739362038,0.006962980523339307
0.3875034186102879,0.0003439675344115946,0.007023811181847493
0.3875999821994636,0.0003572231546977521,0.007064994133646035
0.3876965457886394,0.00037073940524016513,0.007085915673133556
0.3877931093778151,0.00038449878592440606,0.007086159665025982
0.3878896729669908,0.0003984837350089107,0.007065514287530822
0.3879862365561665,0.0004126766380213389,0.007023976305166641
0.38808280014534224,0.0004270598366463054,0.006961752733564508
0.38817936373451795,0.0004416156376305097,0.006879259804236261
0.38827592732369365,0.0004563263217323731,0.006777119186910371
0.3883724909128694,0.0004711741527418638,0.006656151479167589
0.3884690545020451,0.00048614138659627967,0.006517367026233689
0.3885656180912208,0.000501210280616516,0.006361954186302777
0.3886621816803965,0.0005163631028875935,0.006191265207141281
0.38875874526957227,0.0005315821418055992,0.006006799926468114
0.388855308858748,0.0005468497158128366,0.005810187550346787
0.3889518724479237,0.0005621481833403034,0.0056031667994410365
0.38904843603709943,0.0005774599529758868,0.005387564741437783
0.38914499962627513,0.0005927674938743613,0.005165274648586473
0.38924156321545084,0.0006080533464240403,0.004938233231640132
0.3893381268046266,0.0006233001331821971,0.004708397605388552
0.3894346903938023,0.0006384905700894728,0.004477722336531248
0.389531253982978,0.0006536074779713884,0.004248136912268719
0.3896278175721537,0.0006686337943334525,0.004021523948345294
0.38972438116132946,0.0006835525854524469,0.0037996984292157448
0.38982094475050516,0.000698347058765157,0.0035843882416451865
0.38991750833968086,0.000713000575553618,0.0033772162275681806
0.3900140719288566,0.0007274966639227983,0.0031796839437814705
0.3901106355180323,0.0007418190320638187,0.002993157276357128
0.390207199107208,0.0007559515817945798,0.0028188540178859284
0.3903037626963837,0.0007698784223659216,0.0026578334770852334
0.3904003262855595,0.0007835838845191726,0.002510988154037505
0.3904968898747352,0.0007970525347793612,0.002379037481370706
0.3905934534639109,0.0008102691899651858,0.002262523602807577
0.39069001705308665,0.000823218931894076,0.0021618091362186065
0.39078658064226235,0.0008358871222591071,0.002077076848909
0.39088314423143805,0.0008482594176530189,0.0020083311583712986
0.3909797078206138,0.0008603217847097479,0.001955401361932659
0.3910762714097895,0.000872060515335887,0.0019179464931742103
0.3911728349989652,0.0008834622419984211,0.0018954617010824284
0.3912693985881409,0.0008945139530362063,0.0018872860488289938
0.3913659621773167,0.0009052030079607709,0.001892611631990304
0.3914625257664924,0.0009155171527075773,0.0019104939200014555
0.3915590893556681,0.0009254445348018999,0.0019398632287684113
0.39165565294484384,0.0009349737183994377,0.0019795372357880522
0.39175221653401954,0.0009440936991600912,0.0020282344511055525
0.39184878012319524,0.0009527939189157871,0.002084588557370571
0.39194534371237094,0.0009610642800884425,0.0021471635297175737
0.3920419073015467,0.0009688951598174512,0.002214469440992905
0.3921384708907224,0.0009762774237517897,0.0022849788499528004
0.3922350344798981,0.0009832024394655593,0.0023571436597060215
0.39233159806907386,0.0009896620894529796,0.0024294123212512085
0.39242816165824956,0.0009956487836601242,0.0025002472430614604
0.39252472524742527,0.001001155471511614,0.0025681422530313782
0.392621288836601,0.0010061756533886435,0.0026316399445336786
0.3927178524257767,0.0010107033915201097,0.002689348724749971
0.39281441601495243,0.0010147333202439228,0.002739959371728354
0.39291097960412813,0.0010182606556006957,0.0027822608976604203
0.3930075431933039,0.0010212812042229465,0.002815155510431479
0.3931041067824796,0.0010237913714814108,0.0028376724642915833
0.3932006703716553,0.0010257881688563284,0.002848980593978578
0.39329723396083105,0.0010272692204991265,0.0028483993352034814
0.39339379755000675,0.001028232768954871,0.0028354080481717754
0.39349036113918245,0.0010286776800162455,0.002809653479732712
0.39358692472835816,0.0010286034466833196,0.002770955223544973
0.3936834883175339,0.001028010192204553,0.002719309065865823
0.3937800519067096,0.001026898672178157,0.002654888136568739
0.3938766154958853,0.001025270275695021,0.002578041819995596
0.3939731790850611,0.0010231270255067627,0.002489292417324687
0.3940697426742368,0.0010204715772069905,0.0023893295902940883
0.3941663062634125,0.001017307217413961,0.0022790026542983837
0.39426286985258824,0.0010136378609487786,0.0021593108260165505
0.39435943344176394,0.0010094680470050029,0.002031391565770143
0.39445599703093964,0.001004802934306983,0.001896507186789841
0.39455256062011534,0.0009996482952615985,0.0017560299315991445
0.3946491242092911,0.0009940105091062405,0.0016114257390506526
0.3947456877984668,0.0009878965540629262,0.0014642369436010361
0.3948422513876425,0.0009813139985096497,0.0013160641607654461
0.39493881497681826,0.0009742709911827092,0.0011685476191614834
0.39503537856599397,0.0009667762504285071,0.0010233482001248937
0.39513194215516967,0.00095883905252585,0.0008821284407711234
0.39522850574434537,0.0009504692190999338,0.0007465337460048929
0.39532506933352113,0.0009416771036576056,0.0006181740399112407
0.39542163292269683,0.0009324735772696009,0.0004986060679727533
0.39551819651187253,0.0009228700134336923,0.0003893165394941075
0.3956147601010483,0.0009128782721516896,0.00029170627544236046
0.395711323690224,0.0009025106832568526,0.0002070755016199045
0.3958078872793997,0.0008917800290302343,0.0001366104016622206
0.39590445086857545,0.0008806995261474359,8.137101973163895e-05
0.39600101445775115,0.0008692828069959719,4.228057979123002e-05
0.39609757804692686,0.0008575439004095066,2.01162676974025e-05
0.39619414163610256,0.0008454972118643006,1.550150456530153e-05
0.3962907052252783,0.0008331575031827299,2.889972527791116e-05
0.396387268814454,0.0008205398717942759,6.060966475081626e-05
0.3964838324036297,0.0008076597296012536,0.00011076214654513552
0.3965803959928055,0.0007945327814988656,0.0001793183633520816
0.3966769595819812,0.000781175003600308,0.00026606963628390015
0.3967735231711569,0.000767602621215905,0.00037063863917193945
0.3968700867603326,0.0007538320866372038,0.0004924820744550829
0.39696665034950834,0.0007398800567761209,0.0006308947879325999
0.39706321393868405,0.0007257633707077943,0.0007850153098258002
0.39715977752785975,0.0007114990271669661,0.0009538328084431246
0.3972563411170355,0.0006971041620465142,0.0011361954395553353
0.3973529047062112,0.0006825960259432905,0.0013308200687727884
0.3974494682953869,0.0006679919617998818,0.0015363033353397674
0.39754603188456267,0.0006533093826850468,0.0017511340135977285
0.39764259547373837,0.0006385657497571739,0.0019737066128981567
0.39773915906291407,0.0006237785504510329,0.002202336138186687
0.3978357226520898,0.0006089652769282024,0.002435273912242551
0.39793228624126553,0.0005941434048292167,0.0026707243373113496
0.39802884983044123,0.0005793303723619741,0.0029068624494011457
0.39812541341961694,0.000564543559760568,0.003141852093809041
0.3982219770087927,0.0005498002691443797,0.003373864526537278
0.3983185405979684,0.0005351177048087728,0.003601097224283152
0.3984151041871441,0.0005205129539697299,0.0038217926667154867
0.3985116677763198,0.0005060029679901263,0.0040342568398310736
0.39860823136549556,0.0004916045441057809,0.004236877199232979
0.39870479495467126,0.00047733430767169915,0.004428139827957873
0.39880135854384696,0.00046320869494393855,0.004606645525555341
0.3988979221330227,0.00044924393641057635,0.004771124573809848
0.3989944857221984,0.00043545604068296446,0.004920449939907048
0.3990910493113741,0.00042186077895555065,0.00505364869976267
0.3991876129005499,0.00040847367004059133,0.0051699114922707495
0.3992841764897256,0.00039530996598094773,0.00526859984869634
0.3993807400789013,0.0003823846382429699,0.005349251279467377
0.399477303668077,0.00036971236448777277,0.005411582042180512
0.39957386725725275,0.00035730751591852363,0.005455487558511774
0.39967043084642845,0.00034518414519877044,0.005481040492664678
0.39976699443560415,0.00033335597493428036,0.005488486548679533
0.3998635580247799,0.0003218363867107685,0.005478238087046382
0.3999601216139556,0.00031063841067617353,0.005450865701395867
0.4000566852031313,0.00029977471565669633,0.005407087932414696
0.400153248792307,0.00028925759979299675,0.005347759327572104
0.4002498123814828,0.0002790989816825736,0.005273857080909796
0.4003463759706585,0.00026931039201303643,0.005186466506452
0.4004429395598342,0.00025990296567069397,0.00508676561131451
0.40053950314900993,0.0002508874343066187,0.004976009040218041
0.40063606673818564,0.00024227411934444663,0.004855511661889027
0.40073263032736134,0.00023407292541117612,0.004726632060112612
0.4008291939165371,0.00022629333417380763,0.004590756178498914
0.4009257575057128,0.00021894439856392478,0.00444928134907242
0.4010223210948885,0.0002120347373722853,0.004303600911472242
0.4011188846840642,0.0002055725301970896,0.0041550896028808935
0.40121544827323996,0.00019956551272701126,0.00400508986985812
0.40131201186241566,0.00019402097234543273,0.0038548992231769437
0.40140857545159137,0.00018894574403733228,0.0037057587266583094
0.4015051390407671,0.00018434620658631842,0.0035588426819304214
0.4016017026299428,0.00018022827904675234,0.0034152495439580557
0.4016982662191185,0.0001765974174783676,0.0032759940779250197
0.40179482980829423,0.0001734586119320638,0.0031420007472310716
0.40189139339747,0.00017081638367587586,0.0030140983054695513
0.4019879569866457,0.00016867478265291232,0.002893015552503567
0.4020845205758214,0.000167037385162453,0.0027793782061818237
0.40218108416499715,0.00016590729175901974,0.002673706836682907
0.40227764775417285,0.00016528712536370807,0.0025764158095305527
0.40237421134334855,0.00016517902958520532,0.002487813185466541
0.4024707749325243,0.00016558466724819168,0.0024081015299262146
0.4025673385217,0.00016650521912909392,0.0023373795910190866
0.4026639021108757,0.0001679413829006302,0.0022756448118824942
0.4027604657000514,0.00016989337228772656,0.0022227966501682244
0.4028570292892272,0.00017236091643889898,0.0021786406834441996
0.4029535928784029,0.0001753432595192754,0.0021428934837097223
0.4030501564675786,0.0001788391605318676,0.0021151882464125263
0.40314672005675434,0.0001828468933756909,0.002095081158854672
0.40324328364593004,0.00018736424715046717,0.00208205848938323
0.40333984723510574,0.0001923885267183512,0.0020755443721803776
0.40343641082428144,0.00019791655353504616,0.0020749092528948255
0.4035329744134572,0.00020394466676277223,0.0020794789480554246
0.4036295380026329,0.00021046872467896409,0.0020885442566762587
0.4037261015918086,0.00021748410639527483,0.002101371046280895
0.40382266518098436,0.0002249857139016442,0.0021172107185180537
0.40391922877016007,0.00023296797445181573,0.0021353109424196636
0.40401579235933577,0.0002414248433052569,0.0021549265270502066
0.4041123559485115,0.0002503498068428246,0.0021753302906979775
0.40420891953768723,0.00025973588607156733,0.00219582377167835
0.40430548312686293,0.00026957564053630193,0.002215747617032883
0.40440204671603863,0.0002798611726527636,0.0022344914805291546
0.4044986103052144,0.00029058413247899835,0.002251503260871515
0.4045951738943901,0.0003017357229408889,0.0022662975152338643
0.4046917374835658,0.0003133067055258069,0.002278462892208979
0.40478830107274155,0.00032528740645945236,0.0022876684419686046
0.40488486466191725,0.00033766772337831763,0.002293668679536539
0.40498142825109296,0.0003504371325117267,0.0022963072991328513
0.40507799184026866,0.000363584696382973,0.002295519462930823
0.4051745554294444,0.00037709907204123885,0.0022913326154849287
0.4052711190186201,0.0003909685198321784,0.002283865804704286
0.4053676826077958,0.0004051809127152466,0.0022733275205927875
0.4054642461969716,0.0004197237461333882,0.0022600120931140165
0.4055608097861473,0.00043458414843895764,0.0022442947195167773
0.405657373375323,0.00044974889188000575,0.002226625218355169
0.40575393696449874,0.0004652044041456766,0.002207520631485215
0.40585050055367444,0.00048093678047213126,0.0021875568157798207
0.40594706414285014,0.0004969317963039397,0.0021673591826675944
0.40604362773202585,0.0005131749205080214,0.0021475927554629555
0.4061401913212016,0.0005296513291323576,0.002128951721618857
0.4062367549103773,0.0005463459197013167,0.0021121486594741752
0.406333318499553,0.0005632433260369828,0.002097903616946405
0.40642988208872877,0.0005803279335928786,0.0020869332132566498
0.40652644567790447,0.0005975838952871456,0.0020799399246537
0.40662300926708017,0.0006149951478162404,0.0020776017018270887
0.4067195728562559,0.0006325454284330091,0.0020805620509728047
0.40681613644543163,0.0006502182921662005,0.0020894206930649043
0.40691270003460733,0.0006679971294601306,0.00210472489758311
0.40700926362378304,0.0006858651842105067,0.0021269615685472333
0.4071058272129588,0.0007038055721686868,0.0021565501429316476
0.4072023908021345,0.0007218012996881356,0.002193836345049727
0.4072989543913102,0.0007398352827830514,0.0022390868258483068
0.40739551798048595,0.0007578903664668218,0.0022924847036348873
0.40749208156966166,0.0007759493443398364,0.0023541260128540718
0.40758864515883736,0.0007939949783909193,0.0024240170601979986
0.40768520874801306,0.0008120100189783528,0.002502072682537723
0.4077817723371888,0.0008299772249524304,0.002588115398652715
0.4078783359263645,0.0008478793838845953,0.002681875446157711
0.4079748995155402,0.0008656993323628177,0.002782991695894349
0.408071463104716,0.000883419976313287,0.0028910134378045244
0.4081680266938917,0.0009010243113130014,0.0030054030342963546
0.4082645902830674,0.0009184954428458168,0.0031255394387268254
0.4083611538722431,0.000935816606468475,0.0032507225772263116
0.40845771746141885,0.0009529711878406334,0.003380178591120662
0.40855428105059455,0.000969942742579642,0.0035130659341966216
0.40865084463977025,0.0009867150158993725,0.0036484823136627128
0.408747408228946,0.001003271961991147,0.003785472455663194
0.4088439718181217,0.0010195977631080842,0.003923036665590491
0.4089405354072974,0.001035676848309591,0.004060140140312188
0.40903709899647317,0.001051493911831233,0.004195722974097035
0.40913366258564887,0.0010670339310372293,0.004328710782937242
0.4092302261748246,0.0010822821839207135,0.0044580258537115685
0.4093267897640003,0.0010972242661137102,0.004582598705921622
0.40942335335317603,0.0011118461073722223,0.004701379935365988
0.40951991694235174,0.0011261339875037017,0.004813352191900335
0.40961648053152744,0.0011400745517010289,0.004917542128237078
0.4097130441207032,0.0011536548252570192,0.005013032144350189
0.4098096077098789,0.001166862227625975,0.005098971743220001
0.4099061712990546,0.001179684585808685,0.005174588308994933
0.4100027348882303,0.001192110147033616,0.005239197118649502
0.41009929847740606,0.0012041275907121738,0.005292210403211654
0.41019586206658176,0.0012157260396472333,0.005333145284736899
0.41029242565575746,0.001226895070476173,0.00536163043036881
0.4103889892449332,0.001237624723332868,0.005377411284815841
0.4104855528341089,0.001247905510713963,0.005380353766904111
0.4105821164232846,0.0012577284255396574,0.005370446343966874
0.4106786800124604,0.001267084948398883,0.0053478004289099
0.4107752436016361,0.0012759670539742916,0.005312649077946579
0.4108718071908118,0.001284367216643316,0.005265344001284025
0.4109683707799875,0.0012922784152534618,0.005206350933370116
0.41106493436916325,0.0012996941370756966,0.005136243442687064
0.41116149795833895,0.0013066083809397107,0.005055695292435737
0.41125806154751465,0.0013130156595576304,0.004965471491860674
0.4113546251366904,0.0013189110010473509,0.0048664182025595654
0.4114511887258661,0.0013242899496669165,0.004759451684187855
0.4115477523150418,0.001329148565776644,0.0046455464789452216
0.4116443159042175,0.0013334834250434532,0.0045257230437668
0.4117408794933933,0.001337291616910372,0.004401035043055619
0.411837443082569,0.0013405707423515957,0.004272556513116195
0.4119340066717447,0.0013433189109376225,0.004141369102449184
0.41203057026092044,0.0013455347372367224,0.004008549580144189
0.41212713385009614,0.001347217336582109,0.0038751577883866907
0.41222369743927184,0.0013483663202330369,0.0037422251953258987
0.4123202610284476,0.0013489817899632174,0.0036107441820920723
0.4124168246176233,0.0013490643321087954,0.0034816581735436546
0.412513388206799,0.0013486150111104494,0.0033558526973527566
0.4126099517959747,0.0013476353625863952,0.0032341474312419386
0.41270651538515046,0.001346127385971438,0.0031172892745094743
0.41280307897432617,0.0013440935367603915,0.0030059464582100977
0.41289964256350187,0.0013415367183942247,0.0029007036892269903
0.4129962061526776,0.0013384602738261175,0.0028020583074823565
0.4130927697418533,0.0013348679768074776,0.002710417423079085
0.41318933333102903,0.0013307640229317217,0.0026260959914032062
0.41328589692020473,0.0013261530204740567,0.002549315779136305
0.4133824605093805,0.001321039981066303,0.00248020517251818
0.4134790240985562,0.0013154303102426456,0.002418799780684709
0.4135755876877319,0.001309329797894023,0.002365043790971646
0.41367215127690765,0.0013027446086659915,0.0023187920390471068
0.41376871486608335,0.001295681272335264,0.0022798127639216082
0.41386527845525906,0.001288146674195978,0.002247791025476006
0.4139618420444348,0.001280148045489963,0.0022223327693902282
0.4140584056336105,0.001271692953907345,0.0022029695305018477
0.4141549692227862,0.001262789294187641,0.0021891637700047276
0.4142515328119619,0.0012534452788461987,0.002180314843968727
0.4143480964011377,0.001243669429048267,0.002175765600003847
0.4144446599903134,0.0012334705656546381,0.002174809595257611
0.4145412235794891,0.0012228578004540023,0.002176698922234695
0.41463778716866484,0.0012118405276017028,0.0021806526192885266
0.41473435075784054,0.0012004284152750263,0.0021858656303088394
0.41483091434701624,0.0011886313975586656,0.0021915182635702988
0.41492747793619195,0.0011764596665672271,0.0021967860835124657
0.4150240415253677,0.0011639236648095291,0.002200850152048598
0.4151206051145434,0.0011510340777991152,0.0022029075186712674
0.4152171687037191,0.0011378018269078034,0.0022021818419262072
0.41531373229289487,0.001124238062462272,0.002197934009587012
0.41541029588207057,0.0011103541570752769,0.002189472611880465
0.41550685947124627,0.0010961616992048227,0.0021761641120873975
0.41560342306042203,0.0010816724869283111,0.002157442552377491
0.41569998664959773,0.0010668985219184544,0.0021328186303173177
0.41579655023877343,0.001051852003606199,0.0021018879834137144
0.41589311382794913,0.0010365453235087212,0.0020643385254785827
0.4159896774171249,0.0010209910597042042,0.0020199566894897087
0.4160862410063006,0.001005201971429216,0.001968632446785605
0.4161828045954763,0.000989190993773102,0.0019103629914788728
0.41627936818465205,0.0009729712324442172,0.0018452550014285438
0.41637593177382776,0.0009565559585776024,0.0017735254123017186
0.41647249536300346,0.0009399586035554117,0.0016955006684748575
0.41656905895217916,0.0009231927538086672,0.0016116144429606347
0.4166656225413549,0.0009062721455682431,0.0015224038473592117
0.4167621861305306,0.0008892106595322399,0.0014285041811943173
0.4168587497197063,0.0008720223154165823,0.0013306422970900678
0.4169553133088821,0.0008547212663540547,0.0012296286833147635
0.4170518768980578,0.0008373217931094714,0.0011263483876167444
0.4171484404872335,0.0008198382980772292,0.001021750925422612
0.41724500407640924,0.0008022852990257646,0.00091683933095175
0.41734156766558494,0.0007846774225601231,0.0008126585213052687
0.41743813125476065,0.0007670293972672893,0.0007102831509831642
0.41753469484393635,0.0007493560465168381,0.0006108051375529547
0.4176312584331121,0.0007316722808858461,0.0005153210384779739
0.4177278220222878,0.0007139930901820396,0.00042491945468697704
0.4178243856114635,0.0006963335350375526,0.00034066862869377903
0.41792094920063927,0.0006787087380535816,0.0002636043944555186
0.41801751278981497,0.000661133874470298,0.00019471862321137414
0.4181140763789907,0.0006436241623467566,0.00013494829487845677
0.4182106399681664,0.0006261948522338579,8.516530879199935e-05
0.41830720355734213,0.000608861216325873,4.616713125933368e-05
0.41840376714651784,0.0005916385370834469,1.866836110081102e-05
0.41850033073569354,0.000574542095318728,3.293278567424317e-06
0.4185968943248693,0.0005575871577404876,5.694281597345282e-07
0.418693457914045,0.0005407889639579937,1.0922272227792519e-05
0.4187900215032207,0.0005241627129493866,3.46709400078919e-05
0.41888658509239646,0.0005077235489987767,7.20250860293095e-05
0.41898314868157216,0.0004914865471153619,0.00012308286257735324
0.41907971227074786,0.0004754666979473714,0.00018783000300020647
0.41917627585992356,0.00045967889221008184,0.00026614000587922256
0.4192728394490993,0.0004441379046494412,0.0003577754041686939
0.419369403038275,0.000428858377566452,0.00046239009801824475
0.4194659666274507,0.0004138548039329969,0.0005795327247867369
0.4195625302166265,0.00039914151012975587,0.0007086510343898714
0.4196590938058022,0.00038473263834433235,0.0008490972323135583
0.4197556573949779,0.00037064212866845785,0.001000134246106674
0.4198522209841536,0.00035688370093642056,0.001160942863793981
0.41994878457332935,0.00034347083635212863,0.0013306296843396965
0.42004534816250505,0.00033041675895123626,0.0015082358110779174
0.42014191175168075,0.0003177344169514009,0.0016927462090534733
0.4202384753408565,0.00030543646404403537,0.0018830996367086097
0.4203350389300322,0.00029353524068249817,0.0020781990516695915
0.4204316025192079,0.0002820427554256009,0.0022769223799065756
0.42052816610838367,0.00027097066639503794,0.0024781335277694948
0.4206247296975594,0.0002603302629088821,0.0026806935078035983
0.4207212932867351,0.0002501324473509746,0.0028834715423607417
0.4208178568759108,0.00024038771734092,0.003085356004288305
0.42091442046508654,0.00023110614826693092,0.003285265051868129
0.42101098405426224,0.000222297376244235,0.003482156815991408
0.42110754764343794,0.00021397058156376772,0.0036750390015958478
0.4212041112326137,0.00020613447269203307,0.003862977772724117
0.4213006748217894,0.00019879727088497684,0.0040451058012411075
0.4213972384109651,0.0001919666954761137,0.004220629373081922
0.4214938020001408,0.00018564994989796513,0.004388834462633671
0.42159036558931656,0.00017985370849457773,0.0045490917050674115
0.42168692917849226,0.00017458410417985174,0.004700860217590897
0.42178349276766797,0.0001698467169947471,0.0048436902430694356
0.4218800563568437,0.00016564656361363794,0.004977224612557303
0.4219766199460194,0.0001619880878467544,0.005101199046250123
0.42207318353519513,0.00015887515218312995,0.005215441334454809
0.4221697471243709,0.00015631103041389128,0.005319869460637271
0.4222663107135466,0.00015429840137351757,0.005414488746766128
0.4223628743027223,0.00015283934383134164,0.005499388116427517
0.422459437891898,0.00015193533256254582,0.0055747355830376355
0.42255600148107375,0.0001515872356231053,0.005640773078589574
0.42265256507024945,0.00015179531284896874,0.005697810742517915
0.42274912865942516,0.00015255921559516948,0.0057462207904182775
0.4228456922486009,0.00015387798772581947,0.005786431078660514
0.4229422558377766,0.00015575006786167517,0.005818918473636339
0.4230388194269523,0.0001581732928866963,0.0058442021239936874
0.423135383016128,0.00016114490271093077,0.005862836721247625
0.4232319466053038,0.00016466154628095388,0.0058754058193753855
0.4233285101944795,0.00016871928882661915,0.00588251526813414
0.4234250737836552,0.0001733136203256943,0.005884786798716173
0.42352163737283094,0.00017843946516494548,0.005882851784838863
0.42361820096200664,0.0001840911929711957,0.005877345188191206
0.42371476455118234,0.00019026263058136012,0.005868899685138959
0.4238113281403581,0.00019694707511632724,0.005858139962271329
0.4239078917295338,0.0002041373081191196,0.005845677162324841
0.4240044553187095,0.0002118256107143581,0.00583210345951149
0.4241010189078852,0.00022000377974156873,0.005817986744504297
0.42419758249706097,0.00022866314481144687,0.005803865404238888
0.42429414608623667,0.0002377945862312876,0.005790243190033814
0.42439070967541237,0.00024738855374226084,0.005777584178906841
0.4244872732645881,0.00025743508600787376,0.005766307846792294
0.42458383685376383,0.0002679238307911794,0.0057567842878531415
0.42468040044293953,0.00027884406575528657,0.005749329630457675
0.42477696403211523,0.0002901847198196125,0.005744201716639315
0.424873527621291,0.0003019343950031899,0.005741596127056129
0.4249700912104667,0.0003140813886830944,0.005741642646642553
0.4250666547996424,0.0003266137161975084,0.005744402276359908
0.42516321838881815,0.0003395191337183427,0.0057498649029323595
0.42525978197799386,0.00035278516132159214,0.005757947740489778
0.42535634556716956,0.0003663991061798275,0.005768494655146181
0.4254529091563453,0.0003803480858032408,0.005781276475433603
0.425549472745521,0.00039461905125514463,0.005795992378100011
0.4256460363346967,0.0004091988102674349,0.0058122724202473355
0.4257425999238724,0.00042407405018522444,0.005829681265547006
0.4258391635130482,0.00043923136066591054,0.005847723124939744
0.4259357271022239,0.00045465725606532787,0.005865847901658191
0.4260322906913996,0.00047033819743925456,0.00588345849762692
0.42612885428057534,0.0004862606140959569,0.005899919204426485
0.42622541786975104,0.0005024109246329586,0.005914565068318165
0.42632198145892675,0.0005187755573959732,0.005926712086579657
0.42641854504810245,0.0005353409703012297,0.005935668062854442
0.4265151086372782,0.0005520936699621239,0.005940743923574957
0.4266116722264539,0.0005690202300688137,0.005941265276823268
0.4267082358156296,0.0005861073089675894,0.005936583980161677
0.42680479940480537,0.0006033416663940934,0.005926089475676097
0.42690136299398107,0.0006207101793173229,0.005909219649178721
0.4269979265831568,0.000638199856852883,0.005885470976407591
0.42709449017233253,0.0006557978542118617,0.0058544077320837025
0.42719105376150823,0.0006734914856516957,0.005815670057462444
0.42728761735068393,0.0006912682364035893,0.005768980708017916
0.42738418093985964,0.0007091157735513802,0.00571415033426514
0.4274807445290354,0.0007270219558450684,0.005651081184468151
0.4275773081182111,0.0007449748424345934,0.005579769156953161
0.4276738717073868,0.000762962700512965,0.0055003041706298775
0.42777043529656256,0.0007809740118664707,0.005412868863849402
0.42786699888573826,0.0007989974783293895,0.00531773567247742
0.42796356247491396,0.0008170220261501194,0.005215262376779769
0.42806012606408966,0.0008350368092758393,0.005105886242168077
0.4281566896532654,0.0008530312115709732,0.004990116909919892
0.4282532532424411,0.0008709948479880369,0.004868528219799451
0.4283498168316168,0.0008889175647127997,0.00474174916628317
0.4284463804207926,0.000906789438312885,0.004610454203400001
0.4285429440099683,0.0009246007739197825,0.0044753531197538905
0.428639507599144,0.0009423421024825448,0.004337180705087761
0.42873607118831975,0.0009600041771309605,0.004196686423093471
0.42883263477749545,0.0009775779686949015,0.004054624292450304
0.42892919836667115,0.000995054660425003,0.003911743160072491
0.42902576195584685,0.0010124256419684439,0.003768777528087896
0.4291223255450226,0.0010296825026529098,0.0036264390701798437
0.4292188891341983,0.0010468170241369587,0.0034854089447399466
0.429315452723374,0.0010638211724885826,0.0033463309829434343
0.42941201631254977,0.0010806870897531193,0.0032098058005659382
0.4295085799017255,0.0010974070850780836,0.003076385854212258
0.4296051434909012,0.0011139736254611018,0.002946571436667168
0.4297017070800769,0.0011303793261910077,0.00282080758318189
0.42979827066925264,0.001146616941053,0.0026994818414084695
0.42989483425842834,0.0011626793523685185,0.002582922842883699
0.42999139784760404,0.0011785595609438682,0.002471399603758129
0.4300879614367798,0.0011942506759995387,0.002365121476933469
0.4301845250259555,0.0012097459051539456,0.0022642386767423982
0.4302810886151312,0.0012250385445338405,0.0021688433004436697
0.43037765220430696,0.0012401219690842315,0.002078970777549129
0.43047421579348266,0.001254989623148183,0.0019946016876372244
0.43057077938265836,0.0012696350113884012,0.0019156638990380731
0.43066734297183407,0.001284051690116561,0.0018420349936906536
0.4307639065610098,0.0012982332590984122,0.0017735449566440833
0.4308604701501855,0.0013121733538989302,0.0017099791212120182
0.43095703373936123,0.0013258656388278633,0.0016510813718308643
0.431053597328537,0.0013393038005463983,0.0015965576154884208
0.4311501609177127,0.0013524815423885262,0.0015460795385692945
0.4312467245068884,0.001365392579449965,0.001499288668676544
0.4313432880960641,0.0013780306344944677,0.0014558007601837217
0.43143985168523985,0.0013903894347193585,0.0014152105178922045
0.43153641527441555,0.001402462709423079,0.0013770966653691727
0.43163297886359125,0.0014142441886086804,0.00134102735364945
0.431729542452767,0.0014257276025562214,0.0013065658925111576
0.4318261060419427,0.0014369066823900034,0.001273276771136545
0.4319226696311184,0.001447775161662183,0.001240731918403308
0.4320192332202942,0.0014583267789688278,0.0012085171361698448
0.4321157968094699,0.0014685552816129182,0.0011762386225888238
0.4322123603986456,0.0014784544303169192,0.001143529487577273
0.4323089239878213,0.001488018004988169,0.0011100561499028843
0.43240548757699704,0.0014972398115330398,0.0010755244956500705
0.43250205116617274,0.0015061136897103805,0.00103968567169698
0.43259861475534844,0.0015146335220082396,0.001002341385740994
0.4326951783445242,0.0015227932435262826,0.0009633485866145385
0.4327917419336999,0.0015305868528362279,0.0009226234052494983
0.4328883055228756,0.0015380084237927812,0.0008801442475822576
0.4329848691120513,0.0015450521182577162,0.0008359539456553681
0.43308143270122706,0.0015517121996976443,0.0007901608917399546
0.43317799629040277,0.0015579830476120749,0.0007429391018500617
0.43327455987957847,0.0015638591727398447,0.0006945271788401581
0.4333711234687542,0.0015693352329922252,0.0006452261705355626
0.43346768705792993,0.001574406050054725,0.0005953963441689606
0.43356425064710563,0.0015790666265934146,0.0005454529238753606
0.4336608142362814,0.0015833121640035956,0.0004958608622459649
0.4337573778254571,0.0015871380806282945,0.00044712873912667396
0.4338539414146328,0.0015905400303767544,0.0003998019002053845
0.4339505050038085,0.001593513921666552,0.0003544549638518968
0.43404706859298425,0.0015960559366108764,0.00031168383664663353
0.43414363218215996,0.0015981625503708723,0.0002720973857438717
0.43424019577133566,0.0015998305505932056,0.00023630891950623636
0.4343367593605114,0.0016010570568432607,0.0002049276267496262
0.4344333229496871,0.001601839539954351,0.00017855011964747794
0.4345298865388628,0.0016021758412024748,0.00015775221624419417
0.4346264501280385,0.0016020641912207116,0.0001430810861183208
0.4347230137172143,0.001601503228566055,0.00013504786766500016
0.43481957730639,0.0016004920178498,0.00013412084845696392
0.4349161408955657,0.0015990300673456317,0.00014071928197492033
0.43501270448474144,0.0015971173459871845,0.00015520789547385043
0.43510926807391714,0.001594754299671026,0.00017789212564804646
0.43520583166309285,0.001591941866780169,0.0002090141017967904
0.4353023952522686,0.0015886814928468993,0.0002487493810062153
0.4353989588414443,0.0015849751442720567,0.0002972044269546107
0.43549552243062,0.0015808253210263207,0.0003544148136952705
0.4355920860197957,0.0015762350682585146,0.0004203441283636835
0.43568864960897147,0.001571207986735508,0.0004948835422598108
0.43578521319814717,0.0015657482420514267,0.0005778520180248336
0.43588177678732287,0.0015598605725371823,0.0006689971214123725
0.43597834037649863,0.0015535502958135695,0.0007679964090211484
0.43607490396567433,0.0015468233139306392,0.0008744593677951353
0.43617146755485003,0.0015396861170446678,0.0009879298875045753
0.43626803114402574,0.0015321457855838705,0.0011078892531499716
0.4363645947332015,0.0015242099908671927,0.0012337596496191953
0.4364611583223772,0.0015158869941370356,0.0013649081753566816
0.4365577219115529,0.0015071856439808028,0.0015006513646916204
0.43665428550072866,0.0014981153721168655,0.0016402602193600832
0.43675084908990436,0.001488686187526348,0.0017829657482904154
0.43684741267908006,0.0014789086689258606,0.0019279650106889927
0.4369439762682558,0.0014687939555717879,0.0020744276508263496
0.4370405398574315,0.0014583537364030676,0.0022215029037770105
0.4371371034466072,0.0014476002375287179,0.0023683270399963707
0.4372336670357829,0.0014365462080793109,0.0025140312034142302
0.4373302306249587,0.001425204904444307,0.0026577495832588514
0.4374267942141344,0.001413590072924446,0.0027986278447161617
0.4375233578033101,0.0014017159308360326,0.0029358317285098374
0.43761992139248584,0.001389597146110878,0.0030685557152856204
0.43771648498166155,0.0013772488154401496,0.0031960316380828828
0.43781304857083725,0.0013646864410201433,0.003317537115838991
0.43790961216001295,0.001351925905959265,0.0034324036734846254
0.4380061757491887,0.0013389834484174522,0.003540024410230203
0.4381027393383644,0.0013258756345493454,0.0036398610775522844
0.4381993029275401,0.0013126193303321409,0.0037314504323749708
0.43829586651671587,0.0012992316723625102,0.0038144097390930237
0.4383924301058916,0.0012857300377110265,0.0038884413062979196
0.4384889936950673,0.0012721320129289134,0.003953335960070146
0.43858555728424303,0.001258455362304763,0.00400897537505926
0.43868212087341873,0.0012447179954725178,0.00405533320672133
0.43877868446259444,0.0012309379344767545,0.004092474992304755
0.43887524805177014,0.0012171332804014091,0.004120556813711678
0.4389718116409459,0.0012033221796725836,0.004139822741345266
0.4390683752301216,0.0011895227901480901,0.004150601103630908
0.4391649388192973,0.001175753247105427,0.004153299651215868
0.43926150240847306,0.0011620316292434998,0.004148399707099563
0.43935806599764876,0.0011483759248114666,0.004136449413407305
0.43945462958682446,0.0011348039979785071,0.004118056201579761
0.43955119317600017,0.0011213335555595278,0.004093878624943516
0.4396477567651759,0.0011079821142064772,0.004064617700612215
0.4397443203543516,0.0010947669681773083,0.004031007911332046
0.4398408839435273,0.001081705157789306,0.0039938080172024545
0.4399374475327031,0.001068813438662004,0.003953791822410342
0.4400340111218788,0.0010561082518532367,0.003911739033541698
0.4401305747110545,0.001043605694983292,0.003868426334180238
0.44022713830023025,0.001031321494443617,0.0038246187860067303
0.44032370188940595,0.001019270978777587,0.003781061650171146
0.44042026547858165,0.001007469053319352,0.0037384727050969067
0.44051682906775735,0.000995930176167581,0.0036975351189219635
0.4406133926569331,0.000984668335567814,0.0036588909172353113
0.4407099562461088,0.0009736970287717555,0.0036231350703922554
0.4408065198352845,0.00096302924243169,0.003590810210152849
0.4409030834244603,0.0009526774345867699,0.003562401973208489
0.440999647013636,0.0009426535182865659,0.0035383349597691433
0.4410962106028117,0.0009329688468919663,0.0035189692890230597
0.4411927741919874,0.0009236342010900824,0.0035045977300321033
0.44128933778116314,0.0009146597776443477,0.003495443386412939
0.44138590137033884,0.0009060551799024703,0.003491657915714619
0.44148246495951454,0.0008978294100720047,0.0034933202693383184
0.4415790285486903,0.0008899908632683874,0.0035004359456300704
0.441675592137866,0.0008825473233325736,0.0035129367567552417
0.4417721557270417,0.0008755059604077994,0.003530681118447923
0.44186871931621746,0.0008688733302591268,0.003553454879963955
0.44196528290539316,0.0008626553753109955,0.0035809727188241855
0.44206184649456887,0.0008568574273728126,0.003612880130514996
0.44215841008374457,0.0008514842120152456,0.003648756046607082
0.4422549736729203,0.0008465398545536754,0.003688116115255375
0.44235153726209603,0.0008420278875894829,0.003730416675397316
0.44244810085127173,0.0008379512600546937,0.0037750594499668033
0.4425446644404475,0.0008343123476984392,0.0038213969740777437
0.4426412280296232,0.0008311129649505853,0.003868738761542041
0.4427377916187989,0.0008283543780916981,0.003916358197630004
0.4428343552079746,0.0008260373196549965,0.0039635001281348595
0.44293091879715035,0.0008241620039815055,0.004009389095215155
0.44302748238632605,0.0008227281438462953,0.004053238149932887
0.44312404597550176,0.0008217349680697051,0.004094258150687385
0.4432206095646775,0.0008211812400258242,0.004131667436782978
0.4433171731538532,0.000821065276957873,0.004164701748032169
0.4434137367430289,0.0008213849700059203,0.004192624245425495
0.4435103003322047,0.0008221378048549584,0.004214735475299366
0.4436068639213804,0.0008233208829055161,0.004230383110723996
0.4437034275105561,0.0008249309428728028,0.004238971299572675
0.4437999910997318,0.0008269643827149412,0.004239969449233646
0.44389655468890754,0.0008294172817960358,0.004232920283386118
0.44399311827808324,0.00083228542318649,0.00421744701663426
0.44408968186725895,0.0008355643160052004,0.004193259507859632
0.4441862454564347,0.0008392492177100721,0.004160159272522357
0.4442828090456104,0.0008433351562424023,0.004118043257213871
0.4443793726347861,0.0008478169519369883,0.004066906305851493
0.4444759362239618,0.0008526892391071289,0.004006842275133875
0.44457249981313757,0.0008579464872180024,0.003938043786349652
0.44466906340231327,0.0008635830215693073,0.003860800630364402
0.44476562699148897,0.0008695930434019328,0.003775496871626911
0.44486219058066473,0.0008759706493561978,0.0036826067243822176
0.44495875416984043,0.0008827098502075592,0.003582689299072388
0.44505531775901613,0.0008898045888102827,0.0034763823383500837
0.4451518813481919,0.0008972487571886136,0.003364395079604711
0.4452484449373676,0.0009050362127087687,0.0032475003938478865
0.4453450085265433,0.0009131607932837924,0.0031265263589804774
0.445441572115719,0.0009216163315564804,0.0030023474286587507
0.44553813570489476,0.000930396668016782,0.0028758753563058754
0.44563469929407046,0.000939495663012745,0.002748050027487632
0.44573126288324616,0.0009489072076210083,0.002619830343330733
0.4458278264724219,0.0009586252333474591,0.0024921852834766073
0.4459243900615976,0.0009686437206327791,0.002366085259963927
0.4460209536507733,0.0009789567061469712,0.0022424938542034653
0.446117517239949,0.0009895582888573577,0.002122360008775933
0.4462140808291248,0.0010004426348650616,0.0020066107250085005
0.4463106444183005,0.0010116039810066598,0.0018961442970894381
0.4464072080074762,0.0010230366372266664,0.0017918240947060102
0.44650377159665194,0.0010347349877295145,0.001694472889571826
0.44660033518582765,0.0010466934909246263,0.0016048677073926098
0.44669689877500335,0.0010589066781883196,0.0015237351762739223
0.4467934623641791,0.001071369151463681,0.0014517473356210236
0.4468900259533548,0.0010840755797334315,0.0013895178663230852
0.4469865895425305,0.0010970206943985913,0.0013375987034286636
0.4470831531317062,0.0011101992836031868,0.0012964769963314323
0.44717971672088197,0.0011236061855521826,0.001266572388309529
0.4472762803100577,0.001137236280870261,0.001248234596537624
0.4473728438992334,0.001151084484055141,0.0012417412847439586
0.44746940748840913,0.0011651457340823839,0.0012472962327609472
0.44756597107758483,0.0011794149842246748,0.001265027819512807
0.44766253466676054,0.0011938871911468562,0.0012949878476784275
0.44775909825593624,0.0012085573033465819,0.0013371507485887355
0.447855661845112,0.0012234202490098813,0.0013914132141456907
0.4479522254342877,0.001238470923352115,0.0014575943080788138
0.4480487890234634,0.0012537041755232787,0.0015354361112117664
0.44814535261263916,0.0012691147951492826,0.0016246049542805415
0.44824191620181486,0.0012846974985900826,0.0017246932870758046
0.44833847979099056,0.0013004469149914732,0.001835222224330768
0.4484350433801663,0.0013163575722112788,0.00195564479703985
0.448531606969342,0.0013324238826997459,0.0020853499231877726
0.4486281705585177,0.0013486401294122495,0.0022236670947238853
0.4487247341476934,0.0013650004518360392,0.002369871758711202
0.4488212977368692,0.0013814988322078563,0.0025231913506996192
0.4489178613260449,0.0013981290820009396,0.00268281191833427
0.4490144249152206,0.0014148848287587755,0.002847885253908801
0.44911098850439635,0.0014317595033471696,0.0030175364368070444
0.44920755209357205,0.0014487463277006124,0.003190871671403651
0.44930411568274775,0.001465838303130541,0.00336698629365459
0.44940067927192345,0.0014830281992656204,0.0035449728109270898
0.4494972428610992,0.0015003085436853937,0.0037239288350143407
0.4495938064502749,0.0015176716123131483,0.0039029647680138926
0.4496903700394506,0.0015351094206224178,0.004081211104924384
0.4497869336286264,0.0015526137157132354,0.00425782522532725
0.4498834972178021,0.0015701759693106403,0.004431997559094133
0.4499800608069778,0.0015877873717284466,0.004602957027301663
0.45007662439615354,0.0016054388268452794,0.004769975678795549
0.45017318798532924,0.001623120948126803,0.004932372464509864
0.45026975157450494,0.0016408240557325986,0.0050895161148725885
0.45036631516368064,0.0016585381747335854,0.005240827109599172
0.4504628787528564,0.0016762530344664323,0.005385778753037942
0.4505594423420321,0.001693958069045301,0.005523897391136387
0.4506560059312078,0.0017116424190454168,0.005654761827252415
0.45075256952038356,0.0017292949343709237,0.005778002012741809
0.45084913310955926,0.0017469041783110283,0.00589329710389754
0.45094569669873497,0.0017644584327883644,0.006000372988947175
0.45104226028791067,0.0017819457047942929,0.006098999397087488
0.4511388238770864,0.001799353734004153,0.006188986705818553
0.45123538746626213,0.001816670001561801,0.006270182563092138
0.45133195105543783,0.0018338817400143635,0.006342468437206432
0.4514285146446136,0.0018509759443781162,0.006405756200226883
0.4515250782337893,0.001867939384310279,0.0064599848404432916
0.451621641822965,0.0018847586173574747,0.006505117386522802
0.45171820541214075,0.001901420003248679,0.006541138111205737
0.45181476900131645,0.001917909719195216,0.006568050066289778
0.45191133259049215,0.001934213776159657,0.006585872983977392
0.45200789617966786,0.0019503180360481475,0.006594641563086673
0.4521044597688436,0.001966208229782556,0.006594404142829953
0.4522010233580193,0.001981869976200196,0.006585221752417007
0.452297586947195,0.001997288801731952,0.006567167512156052
0.4523941505363708,0.002012450160803523,0.0065403263514068055
0.4524907141255465,0.0020273394569013266,0.006504795000925267
0.4525872777147222,0.0020419420642477522,0.006460682212034562
0.45268384130389794,0.002056243350022265,0.00640810915260111
0.45278040489307364,0.0020702286970683066,0.00634720992994278
0.45287696848224934,0.0020838835270209116,0.006278132193263442
0.45297353207142504,0.0020971933237916075,0.006201037772720426
0.4530700956606008,0.0021101436573447516,0.0061161033182984435
0.4531666592497765,0.0021227202076988757,0.006023520908922397
0.4532632228389522,0.002134908789086479,0.005923498610075271
0.45335978642812796,0.0021466953742057203,0.005816260966171543
0.45345635001730367,0.0021580661184965053,0.005702049421548874
0.45355291360647937,0.0021690073843744348,0.005581122670704221
0.45364947719565507,0.002179505765356733,0.00545375694400338
0.45374604078483083,0.002189548110014011,0.005320246239136064
0.45384260437400653,0.002199121545682964,0.005180902510964053
0.45393916796318223,0.0022082135018757945,0.0050360558329253695
0.454035731552358,0.002216811733324983,0.004886054541890171
0.4541322951415337,0.0022249043426002526,0.0047312653753646995
0.4542288587307094,0.0022324798022390854,0.004572073605458162
0.45432542231988515,0.002239526976333813,0.004408883168325628
0.45442198590906085,0.0022460351415159122,0.004242116781257847
0.45451854949823656,0.0022519940072875055,0.00407221603260592
0.45461511308741226,0.002257393735645048,0.0038996414227541834
0.454711676676588,0.002262224959948048,0.0037248723278237974
0.4548082402657637,0.002266478802983921,0.0035484068521373585
0.4549048038549394,0.002270146894185618,0.0033707615310795192
0.4550013674441152,0.002273221385961314,0.0031924708431975953
0.4550979310332909,0.0022756949690952597,0.0030140864894170195
0.4551944946224666,0.0022775608871856133,0.00283617639830225
0.4552910582116423,0.0022788129500857044,0.0026593234194158765
0.45538762180081804,0.002279445546319025,0.0024841236719743832
0.45548418538999375,0.0022794536544427885,0.0023111845230748738
0.45558074897916945,0.0022788328533332285,0.0021411221784801227
0.4556773125683452,0.0022775793313771176,0.0019745588790638733
0.4557738761575209,0.0022756898945490013,0.0018121197070826787
0.4558704397466966,0.002273161973363144,0.0016544290180899803
0.45596700333587237,0.0022699936286879737,0.001502106526029648
0.45606356692504807,0.0022661835564183855,0.0013557630804208623
0.45616013051422377,0.002261731091000198,0.0012159961850765817
0.4562566941033995,0.0022566362078099986,0.0010833853171009513
0.45635325769257523,0.002250899524387134,0.0009584871126032014
0.45644982128175093,0.0022445223005322017,0.0008418304913529521
0.45654638487092664,0.0022375064372747297,0.0007339117962855201
0.4566429484601024,0.0022298544747253604,0.0006351900252236407
0.4567395120492781,0.0022215695888279873,0.0005460822313861444
0.4568360756384538,0.002212655587029671,0.0004669591663010609
0.4569326392276295,0.0022031169028885003,0.00039814123378768113
0.45702920281680526,0.0021929585896445355,0.0003398948169695326
0.45712576640598096,0.0021821863127789174,0.00029242903216951377
0.45722232999515666,0.0021708063415908706,0.0002558929543634742
0.4573188935843324,0.0021588255398215686,0.0002303733490651401
0.4574154571735081,0.0021462513553595517,0.00021589293548147063
0.4575120207626838,0.0021330918090621304,0.00021240919592807185
0.4576085843518596,0.0021193554827283597,0.00021981373721193336
0.4577051479410353,0.0021050515062630798,0.00023793220129282995
0.457801711530211,0.0020901895440709967,0.0002665247153041138
0.4578982751193867,0.002074779780721664,0.00030528686511944184
0.45799483870856245,0.002058832905926851,0.000353851172219922
0.45809140229773815,0.0020423600988760614,0.0004117890506382451
0.45818796588691385,0.0020253730119675004,0.0004786132191823954
0.4582845294760896,0.0020078837539857022,0.0005537805438055835
0.4583810930652653,0.001989904872765282,0.0006366952856768188
0.458477656654441,0.001971449337387628,0.0007267127319403302
0.4585742202436167,0.001952530519953718,0.0008231431880057349
0.4586707838327925,0.001933162176978752,0.0009252563121668487
0.4587673474219682,0.0019133584304510231,0.001032285775044552
0.4588639110111439,0.0018931337486009212,0.0011434342274965865
0.45896047460031963,0.0018725029264200436,0.0012578785609396518
0.45905703818949534,0.0018514810659746265,0.0013747754432784298
0.45915360177867104,0.0018300835565534452,0.0014932671116804524
0.4592501653678468,0.001808326054690447,0.0016124874002007338
0.4593467289570225,0.0017862244641013683,0.0017315679757672568
0.4594432925461982,0.0017637949155710846,0.0018496447504013803
0.4595398561353739,0.0017410537468288258,0.001965864430928918
0.45963641972454966,0.0017180174824461543,0.0020793911601373533
0.45973298331372536,0.0016947028137889633,0.0021894131956527313
0.45982954690290107,0.001671126579059163,0.0022951495651363342
0.4599261104920768,0.0016473057434512432,0.002395856629146769
0.4600226740812525,0.0016232573794552835,0.002490834476584727
0.4601192376704282,0.0015989986473332752,0.0025794330724545856
0.46021580125960393,0.0015745467757905828,0.00266105807409997
0.4603123648487797,0.0015499190428701019,0.0027351762304426096
0.4604089284379554,0.001525132757085596,0.002801320279311774
0.4605054920271311,0.0015002052388183441,0.0028590932608787423
0.46060205561630685,0.0014751538019941574,0.002908172170594193
0.46069861920548255,0.0014499957360531888,0.002948310882825815
0.46079518279465825,0.0014247482882352785,0.0029793422865129
0.460891746383834,0.0013994286461852298,0.0030011795863542105
0.4609883099730097,0.0013740539208964132,0.0030138167370252753
0.4610848735621854,0.001348641130000726,0.003017327993282111
0.4611814371513611,0.0013232071814129266,0.003011866575105191
0.4612780007405369,0.0012977688573392755,0.0029976624637409943
0.4613745643297126,0.0012723427986549385,0.0029750193611077238
0.4614711279188883,0.0012469454896573786,0.0029443108609825143
0.46156769150806404,0.001221593243198842,0.002905975895171835
0.46166425509723974,0.0011963021862031401,0.0028605135309983736
0.46176081868641544,0.0011710882455664821,0.002808477207496748
0.46185738227559114,0.001145967134448422,0.002750468506337502
0.4619539458647669,0.0011209543389501663,0.0026871305594552385
0.4620505094539426,0.0010960651051843612,0.0026191411984744636
0.4621470730431183,0.001071314426734091,0.002547205951270679
0.46224363663229406,0.0010467170325025007,0.0024720509884414814
0.46234020022146977,0.0010222873749529148,0.0023944161172654403
0.46243676381064547,0.0009980396187369176,0.002315047913181968
0.4625333273998212,0.0009739876297129181,0.002234693069286195
0.46262989098899693,0.0009501449643503173,0.0021540920332556892
0.46272645457817263,0.0009265248595226993,0.0020739729889858115
0.46282301816734833,0.0009031402226864506,0.001995046227540348
0.4629195817565241,0.0008800036224449727,0.0019179989393444895
0.4630161453456998,0.0008571272794991313,0.001843490447382754
0.4631127089348755,0.0008345230579817516,0.0017721478899643864
0.46320927252405125,0.0008122024571775076,0.001704562351819986
0.46330583611322695,0.0007901766036292264,0.001641285434191974
0.46340239970240266,0.0007684562436289128,0.00158282624844685
0.46349896329157836,0.0007470517360965703,0.001529648813667815
0.4635955268807541,0.0007259730458464819,0.0014821698367182047
0.4636920904699298,0.0007052297372438351,0.001440756853313792
0.4637886540591055,0.0006848309682524847,0.0014057267104924693
0.4638852176482813,0.0006647854848764278,0.0013773443742693871
0.463981781237457,0.0006451016159976898,0.001355822050822653
0.4640783448266327,0.0006257872686124714,0.0013413186148715313
0.46417490841580844,0.000606849923469586,0.001333939344522188
0.46427147200498414,0.0005882966311142393,0.0013337359673012334
0.46436803559415984,0.0005701340083388315,0.0013407070269205988
0.46446459918333555,0.0005523682350466896,0.001354798584098744
0.4645611627725113,0.0005350050515307601,0.0013759052671523638
0.464657726361687,0.000518049756171151,0.0014038716887712192
0.4647542899508627,0.0005015072035549909,0.001438494244225985
0.46485085354003847,0.0004853818030227413,0.0014795233031365824
0.46494741712921417,0.0004696775176436354,0.001526665801869914
0.46504398071838987,0.0004543978636237617,0.001579588236780948
0.4651405443075656,0.0004395459101498252,0.001637920050093927
0.46523710789674133,0.00042512427967171995,0.0017012573905539586
0.46533367148591703,0.00041113514862539387,0.00176916722050636
0.46543023507509274,0.0003975802485985567,0.0018411917302050243
0.4655267986642685,0.000384460867941253,0.0019168530094501597
0.4656233622534442,0.00037177785382154553,0.0019956579166029746
0.4657199258426199,0.0003595316147274029,0.002077103076131029
0.46581648943179566,0.0003477221234140508,0.002160679928566763
0.46591305302097136,0.00033634892029767025,0.0022458797515124127
0.46600961661014706,0.0003254111172919368,0.002332198567425591
0.46610618019932276,0.0003149074020870418,0.0024191418536006594
0.4662027437884985,0.00030483604286792027,0.0025062289721249575
0.4662993073776742,0.0002951948934675603,0.0025929972426620837
0.4663958709668499,0.00028598139895214474,0.00267900558856481
0.4664924345560257,0.0002771926016315473,0.002763837696823462
0.4665889981452014,0.0002688251474907952,0.0028471046443986803
0.4666855617343771,0.0002608752930338674,0.00292844695712792
0.4667821253235528,0.00025333891253377904,0.003007536082161592
0.46687868891272855,0.000246211505679608,0.0030840752702316508
0.46697525250190425,0.0002394882056112836,0.0031577998794120035
0.46707181609107995,0.00023316378733204314,0.003228477126833848
0.4671683796802557,0.00022723267648762791,0.0032959053285295274
0.4672649432694314,0.00022168895850040098,0.0033599126796786684
0.4673615068586071,0.00021652638804588246,0.0034203556376171482
0.46745807044778287,0.00021173839885834067,0.003477116977680374
0.46755463403695857,0.0002073181138517111,0.003530103597045553
0.4676511976261343,0.00020325835554116985,0.0035792441441029527
0.46774776121531,0.00019955165674940956,0.0036244865504846025
0.46784432480448573,0.00019619027158290873,0.0036657955398318536
0.46794088839366144,0.00019316618666120056,0.003703150181899869
0.46803745198283714,0.00019047113258163838,0.0037365415529849147
0.4681340155720129,0.00018809659560368563,0.003765970554335724
0.4682305791611886,0.00018603382953367336,0.003791445929615834
0.4683271427503643,0.00018427386779342424,0.0038129825111480036
0.46842370633954,0.00018280753565285817,0.0038305997131283065
0.46852026992871576,0.00018162546260949196,0.0038443202787367212
0.46861683351789146,0.00018071809489565466,0.0038541692776451475
0.46871339710706716,0.00018007570809447704,0.003860173341218331
0.4688099606962429,0.00017968841984689472,0.0038623601151399406
0.4689065242854186,0.00017954620263010352,0.003860757903506907
0.4690030878745943,0.00017963889658966018,0.003855395474851568
0.4690996514637701,0.00017995622240660984,0.0038463019990974848
0.4691962150529458,0.00018048779418209079,0.003833507085111757
0.4692927786421215,0.00018122313232127053,0.0038170408911328236
0.4693893422312972,0.00018215167639978075,0.0037969342846707636
0.46948590582047295,0.00018326279799573878,0.0037732190341573982
0.46958246940964865,0.00018454581347036454,0.0037459280212700724
0.46967903299882435,0.00018598999668344873,0.0037150954699961256
0.4697755965880001,0.00018758459162586613,0.003680757195677947
0.4698721601771758,0.00018931882495726586,0.0036429508839889097
0.4699687237663515,0.00019118191843324703,0.00360171641558486
0.4700652873555272,0.00019316310121072586,0.0035570962566530474
0.470161850944703,0.00019525162201834419,0.0035091359383855893
0.4702584145338787,0.00019743676118086194,0.0034578846492942326
0.4703549781230544,0.00019970784248763044,0.0034033959631070655
0.47045154171223014,0.00020205424489474659,0.0033457287216944096
0.47054810530140584,0.00020446541405383056,0.0032849480871420416
0.47064466889058154,0.00020693087365761018,0.0032211267699071354
0.4707412324797573,0.00020944023659814383,0.0031543464312399003
0.470837796068933,0.0002119832159296365,0.003084699248124933
0.4709343596581087,0.00021454963563305142,0.003012289618338655
0.4710309232472844,0.00021712944117734632,0.0029372359723498715
0.47112748683646016,0.00021971270987491268,0.002859672648256616
0.47122405042563587,0.00022228966102972203,0.0027797517762904165
0.47132061401481157,0.00022485066587621464,0.002697645111175033
0.4714171776039873,0.00022738625730945613,0.002613545744256794
0.471513741193163,0.00022988713940726968,0.0025276696232673034
0.47161030478233873,0.0002323441967448914,0.002440256806128533
0.47170686837151443,0.00023474850350559958,0.0023515723765935473
0.4718034319606902,0.00023709133238892442,0.002261906953827707
0.4718999955498659,0.0002393641633214044,0.002171576735227603
0.4719965591390416,0.00024155869197222107,0.0020809230217005686
0.47209312272821735,0.00024366683807993425,0.0019903111870004527
0.47218968631739305,0.00024568075359446826,0.001900129067139491
0.47228624990656876,0.00024759283064000864,0.0018107847618789661
0.4723828134957445,0.00024939570930431127,0.0017227038572788186
0.4724793770849202,0.00025108228526068705,0.0016363260956359395
0.4725759406740959,0.00025264571722837653,0.0015521015362081924
0.4726725042632716,0.0002540794342771918,0.001470486266265678
0.4727690678524474,0.00025537714298283086,0.0013919377366037684
0.4728656314416231,0.0002565328344384406,0.0013169098081309179
0.4729621950307988,0.0002575407911278233,0.0012458476060205638
0.47305875861997454,0.00025839559366588915,0.0011791822848015007
0.47315532220915024,0.0002590921274105532,0.0011173258113906226
0.47325188579832594,0.00025962558895105934,0.001060665873306916
0.47334844938750165,0.00025999149247594273,0.0010095610161440262
0.4734450129766774,0.00026018567602319306,0.0009643361079603548
0.4735415765658531,0.0002602043076156416,0.0009252782188405446
0.4736381401550288,0.0002600438912818572,0.0008926329918753137
0.47373470374420457,0.0002597012729635423,0.0008666015676986967
0.47383126733338027,0.0002591736463081225,0.0008473381090771775
0.47392783092255597,0.0002584585583448901,0.0008349479555037419
0.47402439451173173,0.0002575539150416473,0.0008294864209570231
0.47412095810090743,0.0002564579867373171,0.0008309582316065363
0.47421752169008313,0.0002551694134450257,0.0008393175848895651
0.47431408527925883,0.00025368721001852834,0.0008544687976276475
0.4744106488684346,0.0002520107711740054,0.0008762674991606392
0.4745072124576103,0.00025013987635650047,0.0009045223162288534
0.474603776046786,0.0002480746944411158,0.0009389969897861711
0.47470033963596175,0.00024581578825483356,0.000979412860191512
0.47479690322513746,0.00024336411890576355,0.001025451656305101
0.47489346681431316,0.00024072104990366245,0.001076758525754409
0.47499003040348886,0.0002378883510547323,0.0011329452477749722
0.4750865939926646,0.0002348682021124899,0.0011935935762136542
0.4751831575818403,0.00023166319616387766,0.0012582586680182177
0.475279721171016,0.00022827634273056373,0.0013264725613556026
0.4753762847601918,0.0002247110705619919,0.0013977476767892828
0.4754728483493675,0.00022097123009642516,0.0014715803241872737
0.4755694119385432,0.00021706109556572658,0.0015474542066376022
0.47566597552771894,0.000212985366716882,0.0016248439201498363
0.47576253911689464,0.00020874917012469614,0.001703218453855686
0.47585910270607035,0.00020435806006629707,0.0017820446994756265
0.47595566629524605,0.0001998180189303843,0.0018607909807330848
0.4760522298844218,0.00019513545713151968,0.0019389306130782444
0.4761487934735975,0.00019031721249995054,0.0020159455015202363
0.4762453570627732,0.00018537054911751672,0.002091329779700874
0.47634192065194897,0.0001803031555697822,0.0021645934868172474
0.47643848424112467,0.00017512314258429865,0.002235266270965407
0.4765350478303004,0.00016983904002577954,0.0023029010983792934
0.4766316114194761,0.00016445979321920196,0.0023670779383640215
0.47672817500865183,0.0001589947585719997,0.002427407384037679
0.47682473859782754,0.0001534536984679941,0.002483534159847337
0.47692130218700324,0.00014784677540651616,0.002535140458763839
0.477017865776179,0.00014218454536123502,0.0025819490456017243
0.4771144293653547,0.00013647795033521013,0.0026237260584884184
0.4772109929545304,0.0001307383100894242,0.0026602834385041087
0.47730755654370616,0.00012497731302485953,0.0026914809181584226
0.47740412013288186,0.00011920700620039814,0.002717227502834272
0.47750068372205756,0.00011343978446955126,0.002737482385605946
0.47759724731123326,0.00010768837872394994,0.002752255244842134
0.477693810900409,0.00010196584323211471,0.0027616058854767313
0.4777903744895847,9.62855420662851e-05,0.0027656431984575047
0.4778869380787604,9.066113461253179e-05,0.00276452342818989
0.4779835016679362,8.510656016279985e-05,0.002758447754276944
0.4780800652571119,7.96360215911651e-05,0.0027476592109172966
0.4781766288462876,7.426396811992989e-05,0.002732438984338619
0.4782731924354633,6.90050771849438e-05,0.002713102145002635
0.47836975602463905,6.387423541337815e-05,0.0026899928863815628
0.47846631961381475,5.888651873119699e-05,0.0026634793553241705
0.47856288320299045,5.405717162152682e-05,0.0026339481699099694
0.4786594467921662,4.940158555884795e-05,0.002601798728796832
0.4787560103813419,4.493527664902013e-05,0.0025674374211333687
0.4788525739705176,4.067386250769573e-05,0.0025312718479272136
0.47894913755969337,3.663303841536697e-05,0.0024937051642918906
0.4790457011488691,3.2828552790412516e-05,0.00245513064732249
0.4791422647380448,2.927618202544209e-05,0.002415926586674279
0.4792388283272205,2.5991704737097776e-05,0.002376451584557352
0.47933539191639624,2.2990875481782923e-05,0.002337040339263618
0.47943195550557194,2.0289397994981117e-05,0.0022979999719976597
0.47952851909474764,1.7902898014238575e-05,0.0022596069412760896
0.4796250826839234,1.5846895749503587e-05,0.002222104573100604
0.4797216462730991,1.4136778067882255e-05,0.0021857012191036883
0.4798182098622748,1.2787770462181105e-05,0.00215056903951586
0.4799147734514505,1.1814908875606892e-05,0.0021168433936585187
0.48001133704062626,1.1233011457159918e-05,0.002084622808193769
0.48010790062980196,1.1056650324046818e-05,0.0020539694829717885
0.48020446421897767,1.1300123409412188e-05,0.002024910286258902
0.4803010278081534,1.1977426474762808e-05,0.0019974381855889147
0.4803975913973291,1.3102225367514626e-05,0.001971514057495337
0.48049415498650483,1.4687828604695652e-05,0.0019470688188546698
0.4805907185756806,1.6747160363896723e-05,0.0019240058243245282
0.4806872821648563,1.929273396276965e-05,0.0019022034780866578
0.480783845754032,2.2336625907190346e-05,0.0018815180134250959
0.4808804093432077,2.5890450587892614e-05,0.0018617864001266337
0.48097697293238345,2.996533570365369e-05,0.0018428293468219685
0.48107353652155915,3.457189848708082e-05,0.0018244543726536173
0.48117010011073486,3.9720222808152874e-05,0.001806458929607277
0.4812666636999106,4.541983722612196e-05,0.0017886335629940981
0.4813632272890863,5.167969405969477e-05,0.001770765102545788
0.481459790878262,5.8508149540636286e-05,0.0017526398800528822
0.4815563544674377,6.591294511303276e-05,0.0017340469712254487
0.4816529180566135,7.390118993670946e-05,0.0017147814593660238
0.4817494816457892,8.247934464829854e-05,0.00169464771650848
0.4818460452349649,9.165320643066417e-05,0.001673462693999688
0.48194260882414064,0.00010142789543474719,0.0016510592092964667
0.48203917241331634,0.0001118078425943081,0.0016272892093194041
0.48213573600249204,0.00012279677886886152,0.0016020269834324803
0.4822322995916678,0.0001343977259441951,0.0015751722914456904
0.4823288631808435,0.00014661298841520592,0.0015466533644559602
0.4824254267700192,0.00015944414746982816,0.0015164297293190437
0.4825219903591949,0.0001728920560878561,0.001484494801602385
0.48261855394837067,0.00018695683576201648,0.0014508781874087613
0.48271511753754637,0.00020163787474368076,0.0014156476318969945
0.48281168112672207,0.00021693382781062497,0.001378910551955222
0.4829082447158978,0.00023284261754739447,0.0013408150925146218
0.48300480830507353,0.00024936143712372337,0.0013015506505273506
0.48310137189424923,0.0002664867545527434,0.001261347817664696
0.48319793548342493,0.0002842143184036362,0.001220477702192579
0.4832944990726007,0.00030253916493883527,0.0011792506020039033
0.4833910626617764,0.0003214556266416555,0.001138014014099619
0.4834876262509521,0.00034095734209585953,0.001097149980474653
0.48358418984012785,0.0003610372671725646,0.0010570717858821757
0.48368075342930356,0.0003816876874780436,0.001018220038770082
0.48377731701847926,0.0004029002320103895,0.0009810581822281604
0.483873880607655,0.00042466588797096863,0.0009460674964872916
0.4839704441968307,0.0004469750166704755,0.0009137416678096702
0.4840670077860064,0.00046981737047106217,0.0008845810100136862
0.4841635713751821,0.0004931821106982627,0.0008590864339561099
0.4842601349643579,0.0005170578264580149,0.0008377532667136814
0.4843566985535336,0.0005414325542889687,0.0008210650257327633
0.4844532621427093,0.0005662937985817071,0.0008094872537482525
0.48454982573188504,0.0005916285526914466,0.0008034615178071689
0.48464638932106074,0.0006174233206729284,0.0008033996704206914
0.48474295291023645,0.0006436641395643297,0.0008096784629370937
0.48483951649941215,0.0006703366021435055,0.0008226345910514668
0.4849360800885879,0.0006974258800860182,0.0008425602403760405
0.4850326436777636,0.0007249167474489183,0.000869699186692911
0.4851292072669393,0.000752793604405543,0.000904243491461664
0.48522577085611507,0.0007810405011605266,0.0009463308189170248
0.48532233444529077,0.0008096411619702916,0.0009960423872275653
0.4854188980344665,0.0008385790092007429,0.001053401553224786
0.48551546162364223,0.0008678371873481724,0.0011183730186035967
0.48561202521281793,0.0008973985869601493,0.0011908626356367518
0.48570858880199363,0.0009272458683857563,0.0012707177826076974
0.48580515239116934,0.0009573614852922519,0.001357728273521439
0.4859017159803451,0.0009877277078877823,0.0014516277632622054
0.4859982795695208,0.0010183266457855732,0.0015520956081499949
0.4860948431586965,0.001049140270457364,0.0016587591426436813
0.48619140674787226,0.0010801504372178015,0.0017711963354396206
0.48628797033704796,0.001111338906687839,0.0018889387920833442
0.48638453392622366,0.0011426873656914878,0.0020114750759832414
0.48648109751539936,0.0011741774475346263,0.0021382543249360265
0.4865776611045751,0.0012057907516276206,0.0022686901454338714
0.4866742246937508,0.0012375088624082434,0.0024021647716504857
0.4867707882829265,0.0012693133675315716,0.0025380334796529323
0.4868673518721023,0.0013011858752917547,0.002675629249659836
0.486963915461278,0.0013331080312460324,0.002814267669783098
0.4870604790504537,0.0013650615340167673,0.002953252073430317
0.48715704263962945,0.0013970281502446106,0.0030918788993319736
0.48725360622880515,0.0014289897286807478,0.003229443258011168
0.48735016981798085,0.0014609282133928932,0.0033652446815914247
0.48744673340715655,0.0014928256560840518,0.0034985930254016664
0.4875432969963323,0.0015246642275062003,0.0036288144802500153
0.487639860585508,0.0015564262279696443,0.0037552576439584596
0.4877364241746837,0.0015880940969467989,0.003877299590301018
0.48783298776385947,0.0016196504217688569,0.003994351863416996
0.4879295513530352,0.0016510779454267305,0.004105866316672552
0.4880261149422109,0.0016823595734808683,0.004211340707367798
0.4881226785313866,0.001713478380097833,0.004310323953143545
0.48821924212056234,0.0017444176132255472,0.004402420952927838
0.48831580570973804,0.0017751606989300022,0.004487296875069314
0.48841236929891374,0.0018056912449164989,0.0045646808182699655
0.4885089328880895,0.001835993043259248,0.0046343687570941225
0.4886054964772652,0.0018660500723728915,0.004696225693269246
0.4887020600664409,0.0018958464982548628,0.004750186946495171
0.48879862365561666,0.0019253666750361624,0.004796258533804154
0.48889518724479236,0.001954595144878374,0.004834516604249094
0.48899175083396806,0.001983516637257265,0.004865105915311501
0.48908831442314377,0.002012116067678312,0.004888237358322941
0.4891848780123195,0.0020403785358671625,0.00490418456168133
0.4892814416014952,0.0020682893234862066,0.004913279622022439
0.48937800519067093,0.0020958338914255706,0.004915908034003206
0.4894745687798467,0.0021229978767213537,0.004912502908282018
0.4895711323690224,0.0021497670891543275,0.0049035385839381555
0.4896676959581981,0.002176127507584903,0.00488952375538359
0.4897642595473738,0.0022020652760808518,0.004870994244248868
0.48986082313654955,0.002227566699895549,0.00484850555344369
0.48995738672572525,0.002252618241353784,0.004822625343304438
0.49005395031490095,0.002277206515706785,0.004793925968403527
0.4901505139040767,0.0023013182870135086,0.0047629772082566045
0.4902470774932524,0.0023249404641090053,0.004730339316036947
0.4903436410824281,0.0023480600967203656,0.004696556496881438
0.4904402046716039,0.0023706643717865197,0.004662150911937516
0.4905367682607796,0.0023927406100444477,0.004627617286560299
0.4906333318499553,0.0024142762629358345,0.004593418181735853
0.490729895439131,0.0024352589098943864,0.004559979967630281
0.49082645902830674,0.002455676256067317,0.00452768951790844
0.49092302261748244,0.0024755161305245158,0.00449689162391762
0.49101958620665814,0.002494766485010953,0.004467887109700142
0.4911161497958339,0.002513415393287367,0.004440931612750026
0.4912127133850096,0.0025314510511124147,0.004416234981978424
0.4913092769741853,0.0025488617769091186,0.004393961233970045
0.491405840563361,0.00256563601315744,0.004374229001531972
0.49150240415253676,0.0025817623285580324,0.0043571124049027795
0.49159896774171247,0.0025972294209970557,0.004342642275773286
0.49169553133088817,0.002612026121353155,0.004330807667263317
0.4917920949200639,0.0026261413981711196,0.004321557588895249
0.49188865850923963,0.002639564363233554,0.004314802913909467
0.49198522209841533,0.0026522842780504177,0.004310418416460848
0.4920817856875911,0.0026642905612877955,0.004308244907628663
0.4921783492767668,0.00267557279715098,0.004308091451111302
0.4922749128659425,0.002686120744731356,0.004309737651256171
0.4923714764551182,0.0026959243483271455,0.004312936016992852
0.49246804004429395,0.002704973748736923,0.004317414414688994
0.49256460363346966,0.0027132592955284567,0.0043228786303764095
0.49266116722264536,0.002720771560272875,0.004329015066750239
0.4927577308118211,0.0027275013507352844,0.004335493602523803
0.4928542944009968,0.0027334397260071206,0.0043419706409706825
0.4929508579901725,0.0027385780125592724,0.004348092370734236
0.4930474215793482,0.002742907821191291,0.004353498255434752
0.493143985168524,0.002746421064849184,0.004357824759478995
0.4932405487576997,0.0027491099772760873,0.004360709306213792
0.4933371123468754,0.0027509671324588126,0.004361794451686353
0.49343367593605114,0.002751985464825665,0.004360732243393423
0.49353023952522684,0.002752158290151281,0.004357188719208123
0.49362680311440255,0.0027514793271111223,0.004350848487845714
0.4937233667035783,0.002749942719435573,0.0043414193195277
0.493819930292754,0.0027475430585951594,0.004328636664542464
0.4939164938819297,0.0027442754069596895,0.004312268008821148
0.4940130574711054,0.002740135321355496,0.00429211696996789
0.49410962106028117,0.0027351188769503725,0.004268027034761077
0.49420618464945687,0.0027292226913884733,0.004239884840282826
0.49430274823863257,0.002722443949094131,0.0042076229056204175
0.49439931182780833,0.002714780425657691,0.0041712217294651065
0.49449587541698403,0.002706230512218211,0.004130711180744047
0.49459243900615973,0.0026967932397510704,0.004086171124283242
0.49468900259533544,0.002686468303161202,0.004037731240937788
0.4947855661845112,0.0026752560850928607,0.003985570021080238
0.4948821297736869,0.002663157679348814,0.003929912931077053
0.4949786933628626,0.002650174913821559,0.003871029773705057
0.49507525695203836,0.0026363103728297196,0.003809231284577316
0.49517182054121406,0.002621567418755502,0.00374486502677716
0.49526838413038976,0.002605950212877212,0.0036783106643296934
0.4953649477195655,0.00258946373528626,0.003609974711173277
0.4954615113087412,0.002572113803784382,0.0035402848653741863
0.4955580748979169,0.0025539070916484343,0.0034696840479712396
0.4956546384870926,0.0025348511441586554,0.0033986242717369726
0.4957512020762684,0.0025149543937815475,0.0033275604671168745
0.4958477656654441,0.0024942261738999595,0.0032569443906336763
0.4959443292546198,0.0024726767309914124,0.003187218735267638
0.49604089284379554,0.0024503172351447505,0.003118811553027825
0.49613745643297125,0.002427159788824747,0.003052131087546124
0.49623402002214695,0.0024032174337838383,0.002987561099583358
0.49633058361132265,0.00237850415602852,0.0029254567514846175
0.4964271472004984,0.0023530348887587688,0.002866141098551512
0.4965237107896741,0.0023268255131903403,0.0028099022167342963
0.4966202743788498,0.0022998928571906687,0.002756990977730812
0.49671683796802557,0.002272254691651494,0.002707619465201735
0.4968134015572013,0.0022439297245408457,0.002661960010003843
0.496909965146377,0.0022149375925694785,0.002620144808669255
0.49700652873555273,0.002185298850430788,0.0025822660782197165
0.49710309232472843,0.002155034957568532,0.0025483766921452055
0.49719965591390414,0.0021241682624427035,0.0025184912371148706
0.49729621950307984,0.0020927219842682156,0.0024925874277927644
0.4973927830922556,0.002060720192216616,0.0024706078178223243
0.4974893466814313,0.0020281877820752356,0.002452461748426809
0.497585910270607,0.0019951504503704838,0.002438027481718927
0.49768247385978276,0.0019616346659756187,0.0024271544732920227
0.49777903744895846,0.001927667639227648,0.0024196657474114067
0.49787560103813416,0.001893277288595995,0.0024153603475592237
0.49797216462730987,0.001858492204952178,0.0024140158446021784
0.4980687282164856,0.0018233416135023932,0.002415390893866135
0.4981652918056613,0.0017878553334550204,0.002419227840359944
0.498261855394837,0.0017520637355081035,0.0024252553778164616
0.4983584189840128,0.0017159976972516203,0.002433191271746615
0.4984549825731885,0.0016796885565879929,0.002442745159018686
0.4985515461623642,0.0016431680632901853,0.002453621436470096
0.49864810975153995,0.0016064683288182788,0.002465522248680574
0.49874467334071565,0.001569621774533456,0.0024781505804027685
0.49884123692989135,0.0015326610784541837,0.0024912134524957674
0.49893780051906705,0.0014956191207012885,0.0025044252118647243
0.4990343641082428,0.001458528927800534,0.0025175108963457014
0.4991309276974185,0.0014214236160026094,0.0025302096451713055
0.4992274912865942,0.0013843363337984562,0.0025422781152004944
0.49932405487577,0.0013473002038068191,0.002553493853064239
0.4994206184649457,0.0013103482642185373,0.002563658564360248
0.4995171820541214,0.0012735134099826134,0.0025726012135594387
0.4996137456432971,0.0012368283339266356,0.002580180882864381
0.49971030923247284,0.001200325467997762,0.0025862893152764307
0.49980687282164854,0.0011640369248240377,0.002590853066892206
0.49990343641082424,0.001127994439776525,0.0025938351961358307
0.5,0.001092229313732873,0.002595236423311593
